monitoringlocationidentifier,characteristicname,total_samples,compliance_failures,peak_result,mcl_value,exceedance_rate,severity_ratio,monitoringlocationname,latitudemeasure,longitudemeasure,status
11NPSWRD_WQX-SFAN_I&M_BG2,Nitrate,13,0,1.5,10.0,0.0,0.15,Bear Gulch behind Resource Management Building,36.48210833,-121.1795889,Compliant
11NPSWRD_WQX-SFAN_I&M_BG2,Turbidity,13,2,11.3,5.0,15.38,2.26,Bear Gulch behind Resource Management Building,36.48210833,-121.1795889,Exceedant
11NPSWRD_WQX-SFAN_I&M_BJC1,Nitrate,13,0,0.41,10.0,0.0,0.04,Bootjack Creek above Panoramic Highway,37.90926111,-122.6023,Compliant
11NPSWRD_WQX-SFAN_I&M_BJC1,Turbidity,13,0,4.34,5.0,0.0,0.87,Bootjack Creek above Panoramic Highway,37.90926111,-122.6023,Compliant
11NPSWRD_WQX-SFAN_I&M_CDC2,Nitrate,5,0,0.54,10.0,0.0,0.05,Camino del Canyon,37.88828056,-122.5667028,Compliant
11NPSWRD_WQX-SFAN_I&M_CDC2,Turbidity,5,5,49.9,5.0,100.0,9.98,Camino del Canyon,37.88828056,-122.5667028,Critical
11NPSWRD_WQX-SFAN_I&M_CHA1,Nitrate,14,0,2.2,10.0,0.0,0.22,Chalone Creek near South Wilderness Trail,36.47344167,-121.1546583,Compliant
11NPSWRD_WQX-SFAN_I&M_CHA1,Turbidity,14,9,15.0,5.0,64.29,3.0,Chalone Creek near South Wilderness Trail,36.47344167,-121.1546583,Exceedant
11NPSWRD_WQX-SFAN_I&M_CHA2,Nitrate,13,0,2.4,10.0,0.0,0.24,Chalone Creek at Road Bridge,36.48534722,-121.1674583,Compliant
11NPSWRD_WQX-SFAN_I&M_CHA2,Turbidity,13,1,12.5,5.0,7.69,2.5,Chalone Creek at Road Bridge,36.48534722,-121.1674583,Exceedant
11NPSWRD_WQX-SFAN_I&M_CHA3,Nitrate,9,0,2.3,10.0,0.0,0.23,North Fork Chalone Creek Upstream of West Fork,36.50208889,-121.1812639,Compliant
11NPSWRD_WQX-SFAN_I&M_CHA3,Turbidity,9,2,15.1,5.0,22.22,3.02,North Fork Chalone Creek Upstream of West Fork,36.50208889,-121.1812639,Exceedant
11NPSWRD_WQX-SFAN_I&M_FC1,Nitrate,14,0,0.075,10.0,0.0,0.01,Fern Creek near Muir Woods Boundary,37.90139167,-122.5782639,Compliant
11NPSWRD_WQX-SFAN_I&M_FC1,Turbidity,14,1,11.5,5.0,7.14,2.3,Fern Creek near Muir Woods Boundary,37.90139167,-122.5782639,Exceedant
11NPSWRD_WQX-SFAN_I&M_FC2,Nitrate,12,0,0.075,10.0,0.0,0.01,Fern Creek above Panoramic Highway,37.9161,-122.5834361,Compliant
11NPSWRD_WQX-SFAN_I&M_FC2,Turbidity,12,1,6.36,5.0,8.33,1.27,Fern Creek above Panoramic Highway,37.9161,-122.5834361,Exceedant
11NPSWRD_WQX-SFAN_I&M_FRA1,Nitrate,11,0,2.5,10.0,0.0,0.25,Franklin Creek,37.99100556,-122.1323889,Compliant
11NPSWRD_WQX-SFAN_I&M_FRA1,Turbidity,11,2,483.0,5.0,18.18,96.6,Franklin Creek,37.99100556,-122.1323889,Critical
11NPSWRD_WQX-SFAN_I&M_GERB1,Nitrate,14,0,0.075,10.0,0.0,0.01,Gerbode Creek above Confluence with Rodeo Creek,37.83535833,-122.5188389,Compliant
11NPSWRD_WQX-SFAN_I&M_GERB1,Turbidity,14,14,49.4,5.0,100.0,9.88,Gerbode Creek above Confluence with Rodeo Creek,37.83535833,-122.5188389,Critical
11NPSWRD_WQX-SFAN_I&M_GG1,Nitrate,13,0,0.24,10.0,0.0,0.02,Green Gulch North (Northern Branch),37.86241944,-122.5734139,Compliant
11NPSWRD_WQX-SFAN_I&M_GG1,Turbidity,13,5,39.2,5.0,38.46,7.84,Green Gulch North (Northern Branch),37.86241944,-122.5734139,Critical
11NPSWRD_WQX-SFAN_I&M_GG2,Nitrate,12,0,0.075,10.0,0.0,0.01,Green Gulch Control,37.86921111,-122.5627778,Compliant
11NPSWRD_WQX-SFAN_I&M_GG2,Turbidity,12,5,36.5,5.0,41.67,7.3,Green Gulch Control,37.86921111,-122.5627778,Critical
11NPSWRD_WQX-SFAN_I&M_GGD,Nitrate,4,0,0.075,10.0,0.0,0.01,Golden Gate Dairy Tributary Upstream of Culvert,37.86516389,-122.5748528,Compliant
11NPSWRD_WQX-SFAN_I&M_GGD,Turbidity,4,4,26.0,5.0,100.0,5.2,Golden Gate Dairy Tributary Upstream of Culvert,37.86516389,-122.5748528,Critical
11NPSWRD_WQX-SFAN_I&M_KC1,Nitrate,7,0,0.075,10.0,0.0,0.01,Kent Creek 50 ft above Redwood Creek Confluence,37.88117778,-122.5769222,Compliant
11NPSWRD_WQX-SFAN_I&M_KC1,Turbidity,7,5,33.9,5.0,71.43,6.78,Kent Creek 50 ft above Redwood Creek Confluence,37.88117778,-122.5769222,Critical
11NPSWRD_WQX-SFAN_I&M_MC1,Nitrate,14,0,4.4,10.0,0.0,0.44,McCabe Creek,36.49157778,-121.1494944,Compliant
11NPSWRD_WQX-SFAN_I&M_MC1,Turbidity,14,14,96.8,5.0,100.0,19.36,McCabe Creek,36.49157778,-121.1494944,Critical
11NPSWRD_WQX-SFAN_I&M_NYH1,Nitrate,15,0,0.15,10.0,0.0,0.02,Nyhan Creek just Outside Golden Gate NRA Boundary,37.86971667,-122.5281111,Compliant
11NPSWRD_WQX-SFAN_I&M_NYH1,Turbidity,15,2,81.0,5.0,13.33,16.2,Nyhan Creek just Outside Golden Gate NRA Boundary,37.86971667,-122.5281111,Critical
11NPSWRD_WQX-SFAN_I&M_OAK1,Nitrate,12,0,0.075,10.0,0.0,0.01,Oakwood Valley Creek,37.86976111,-122.5274611,Compliant
11NPSWRD_WQX-SFAN_I&M_OAK1,Turbidity,12,2,135.0,5.0,16.67,27.0,Oakwood Valley Creek,37.86976111,-122.5274611,Critical
11NPSWRD_WQX-SFAN_I&M_OLM1,Nitrate,14,0,0.56,10.0,0.0,0.06,John West Fork above Hwy. 1 Culvert,37.99503611,-122.7527889,Compliant
11NPSWRD_WQX-SFAN_I&M_OLM1,Turbidity,14,3,9.85,5.0,21.43,1.97,John West Fork above Hwy. 1 Culvert,37.99503611,-122.7527889,Exceedant
11NPSWRD_WQX-SFAN_I&M_OLM10B,Nitrate,17,0,0.71,10.0,0.0,0.07,Olema Creek below Residence #530 (Anne Tisei's house),38.06185,-122.8075556,Compliant
11NPSWRD_WQX-SFAN_I&M_OLM10B,Turbidity,17,6,14.6,5.0,35.29,2.92,Olema Creek below Residence #530 (Anne Tisei's house),38.06185,-122.8075556,Exceedant
11NPSWRD_WQX-SFAN_I&M_OLM11,Nitrate,15,0,0.76,10.0,0.0,0.08,Olema Creek at Bear Valley Road Bridge,38.04204722,-122.7898972,Compliant
11NPSWRD_WQX-SFAN_I&M_OLM11,Turbidity,15,5,14.4,5.0,33.33,2.88,Olema Creek at Bear Valley Road Bridge,38.04204722,-122.7898972,Exceedant
11NPSWRD_WQX-SFAN_I&M_OLM14,Nitrate,13,0,0.42,10.0,0.0,0.04,Olema Creek - Mainstem at Northernmost Five Brooks Bridge,37.99777222,-122.7550444,Compliant
11NPSWRD_WQX-SFAN_I&M_OLM14,Turbidity,13,4,13.1,5.0,30.77,2.62,Olema Creek - Mainstem at Northernmost Five Brooks Bridge,37.99777222,-122.7550444,Exceedant
11NPSWRD_WQX-SFAN_I&M_OLM18,Nitrate,13,0,0.075,10.0,0.0,0.01,Olema Creek above Randall Gulch,37.97830556,-122.7356056,Compliant
11NPSWRD_WQX-SFAN_I&M_OLM18,Turbidity,13,7,11.1,5.0,53.85,2.22,Olema Creek above Randall Gulch,37.97830556,-122.7356056,Exceedant
11NPSWRD_WQX-SFAN_I&M_OLM6A,Nitrate,12,0,0.54,10.0,0.0,0.05,Davis Boucher Creek,38.009525,-122.7719889,Compliant
11NPSWRD_WQX-SFAN_I&M_OLM6A,Turbidity,12,0,4.32,5.0,0.0,0.86,Davis Boucher Creek,38.009525,-122.7719889,Compliant
11NPSWRD_WQX-SFAN_I&M_PNG1,Nitrate,12,0,0.75,10.0,0.0,0.08,Pine Gulch Creek at Stream Gauge near Bolinas Lagoon,37.91981389,-122.6922278,Compliant
11NPSWRD_WQX-SFAN_I&M_PNG1,Turbidity,12,2,11.2,5.0,16.67,2.24,Pine Gulch Creek at Stream Gauge near Bolinas Lagoon,37.91981389,-122.6922278,Exceedant
11NPSWRD_WQX-SFAN_I&M_PNG3,Nitrate,12,0,0.74,10.0,0.0,0.07,"Pine Gulch above Teixeira, above Horse Trail Crossing",37.95446111,-122.7179917,Compliant
11NPSWRD_WQX-SFAN_I&M_PNG3,Turbidity,12,3,9.25,5.0,25.0,1.85,"Pine Gulch above Teixeira, above Horse Trail Crossing",37.95446111,-122.7179917,Exceedant
11NPSWRD_WQX-SFAN_I&M_RC1,Nitrate,13,0,0.2,10.0,0.0,0.02,Rodeo Creek below Stables,37.83227778,-122.5171083,Compliant
11NPSWRD_WQX-SFAN_I&M_RC1,Turbidity,13,10,68.8,5.0,76.92,13.76,Rodeo Creek below Stables,37.83227778,-122.5171083,Critical
11NPSWRD_WQX-SFAN_I&M_RDW1,Nitrate,14,0,0.075,10.0,0.0,0.01,Redwood Creek below Muir Woods,37.88861389,-122.5672028,Compliant
11NPSWRD_WQX-SFAN_I&M_RDW1,Turbidity,14,1,20.4,5.0,7.14,4.08,Redwood Creek below Muir Woods,37.88861389,-122.5672028,Exceedant
11NPSWRD_WQX-SFAN_I&M_RDW2,Nitrate,13,0,0.075,10.0,0.0,0.01,Redwood Creek,37.86619444,-122.5783833,Compliant
11NPSWRD_WQX-SFAN_I&M_RDW2,Turbidity,13,2,81.6,5.0,15.38,16.32,Redwood Creek,37.86619444,-122.5783833,Critical
11NPSWRD_WQX-SFAN_I&M_RDW3,Nitrate,15,0,0.075,10.0,0.0,0.01,Redwood Creek at Muir Beach,37.86023333,-122.5748722,Compliant
11NPSWRD_WQX-SFAN_I&M_RDW3,Turbidity,15,5,72.9,5.0,33.33,14.58,Redwood Creek at Muir Beach,37.86023333,-122.5748722,Critical
11NPSWRD_WQX-SFAN_I&M_SC1,Nitrate,14,0,3.1,10.0,0.0,0.31,Sandy Creek across from Pinnacles NM Air Quality Site,36.48301944,-121.1550667,Compliant
11NPSWRD_WQX-SFAN_I&M_SC1,Turbidity,14,12,564.0,5.0,85.71,112.8,Sandy Creek across from Pinnacles NM Air Quality Site,36.48301944,-121.1550667,Critical
11NPSWRD_WQX-SFAN_I&M_SC2,Nitrate,9,0,0.26,10.0,0.0,0.03,Sandy Creek in Campground near Septic System,36.48666944,-121.1525806,Compliant
11NPSWRD_WQX-SFAN_I&M_SC2,Turbidity,9,2,5.91,5.0,22.22,1.18,Sandy Creek in Campground near Septic System,36.48666944,-121.1525806,Exceedant
11NPSWRD_WQX-SFAN_I&M_SC3,Nitrate,15,0,3.0,10.0,0.0,0.3,Sandy Creek in Campground near Pump Station,36.49274722,-121.1459056,Compliant
11NPSWRD_WQX-SFAN_I&M_SC3,Turbidity,14,3,270.0,5.0,21.43,54.0,Sandy Creek in Campground near Pump Station,36.49274722,-121.1459056,Critical
11NPSWRD_WQX-SFAN_I&M_TV1,Nitrate,7,0,0.075,10.0,0.0,0.01,Tennessee Valley Creek above Miwok Stables,37.85954444,-122.530925,Compliant
11NPSWRD_WQX-SFAN_I&M_TV1,Turbidity,7,7,40.3,5.0,100.0,8.06,Tennessee Valley Creek above Miwok Stables,37.85954444,-122.530925,Critical
11NPSWRD_WQX-SFAN_I&M_TV2,Nitrate,8,0,0.22,10.0,0.0,0.02,Tennessee Valley Creek below Miwok Stables,37.85846111,-122.5376611,Compliant
11NPSWRD_WQX-SFAN_I&M_TV2,Turbidity,8,8,38.3,5.0,100.0,7.66,Tennessee Valley Creek below Miwok Stables,37.85846111,-122.5376611,Critical
11NPSWRD_WQX-SFAN_I&M_TV3,Nitrate,12,0,0.18,10.0,0.0,0.02,Tennessee Valley Creek,37.85058056,-122.5385417,Compliant
11NPSWRD_WQX-SFAN_I&M_TV3,Turbidity,12,12,47.1,5.0,100.0,9.42,Tennessee Valley Creek,37.85058056,-122.5385417,Critical
21NEV1_WQX-C8,Arsenic,4,0,0.001,0.01,0.0,0.1,West Fork Carson River @ Paynesville,38.8087807,-119.7771988,Compliant
21NEV1_WQX-C8,Copper,4,0,0.003,1.3,0.0,0.0,West Fork Carson River @ Paynesville,38.8087807,-119.7771988,Compliant
21NEV1_WQX-C8,Fluoride,2,0,0.05,4.0,0.0,0.01,West Fork Carson River @ Paynesville,38.8087807,-119.7771988,Compliant
21NEV1_WQX-C8,Lead,4,0,0.001,0.015,0.0,0.07,West Fork Carson River @ Paynesville,38.8087807,-119.7771988,Compliant
21NEV1_WQX-C8,Mercury,4,0,5e-05,0.002,0.0,0.02,West Fork Carson River @ Paynesville,38.8087807,-119.7771988,Compliant
21NEV1_WQX-C8,Nitrate,2,0,0.25,10.0,0.0,0.02,West Fork Carson River @ Paynesville,38.8087807,-119.7771988,Compliant
21NEV1_WQX-C8,Selenium,4,0,0.005,0.05,0.0,0.1,West Fork Carson River @ Paynesville,38.8087807,-119.7771988,Compliant
21NEV1_WQX-C8,Turbidity,2,0,1.6,5.0,0.0,0.32,West Fork Carson River @ Paynesville,38.8087807,-119.7771988,Compliant
21NEV1_WQX-EFS,Arsenic,20,7,0.023,0.01,35.0,2.3,East Fork Walker River @ Stateline,38.3835297,-119.1857986,Exceedant
21NEV1_WQX-EFS,Copper,20,0,0.01,1.3,0.0,0.01,East Fork Walker River @ Stateline,38.3835297,-119.1857986,Compliant
21NEV1_WQX-EFS,Fluoride,10,0,0.6,4.0,0.0,0.15,East Fork Walker River @ Stateline,38.3835297,-119.1857986,Compliant
21NEV1_WQX-EFS,Lead,19,0,0.01,0.015,0.0,0.67,East Fork Walker River @ Stateline,38.3835297,-119.1857986,Compliant
21NEV1_WQX-EFS,Mercury,20,0,0.0002,0.002,0.0,0.1,East Fork Walker River @ Stateline,38.3835297,-119.1857986,Compliant
21NEV1_WQX-EFS,Nitrate,10,0,1.0,10.0,0.0,0.1,East Fork Walker River @ Stateline,38.3835297,-119.1857986,Compliant
21NEV1_WQX-EFS,Selenium,18,0,0.01,0.05,0.0,0.2,East Fork Walker River @ Stateline,38.3835297,-119.1857986,Compliant
21NEV1_WQX-EFS,Turbidity,10,3,35.0,5.0,30.0,7.0,East Fork Walker River @ Stateline,38.3835297,-119.1857986,Critical
21NEV1_WQX-T1,Arsenic,4,0,0.002,0.01,0.0,0.2,Truckee River @ Farad,39.42257,-120.033882,Compliant
21NEV1_WQX-T1,Copper,4,0,0.006,1.3,0.0,0.0,Truckee River @ Farad,39.42257,-120.033882,Compliant
21NEV1_WQX-T1,Fluoride,2,0,0.05,4.0,0.0,0.01,Truckee River @ Farad,39.42257,-120.033882,Compliant
21NEV1_WQX-T1,Lead,4,0,0.001,0.015,0.0,0.07,Truckee River @ Farad,39.42257,-120.033882,Compliant
21NEV1_WQX-T1,Mercury,4,0,5e-05,0.002,0.0,0.02,Truckee River @ Farad,39.42257,-120.033882,Compliant
21NEV1_WQX-T1,Nitrate,2,0,0.25,10.0,0.0,0.02,Truckee River @ Farad,39.42257,-120.033882,Compliant
21NEV1_WQX-T1,Selenium,4,0,0.005,0.05,0.0,0.1,Truckee River @ Farad,39.42257,-120.033882,Compliant
21NEV1_WQX-T1,Turbidity,2,0,3.6,5.0,0.0,0.72,Truckee River @ Farad,39.42257,-120.033882,Compliant
21NEV1_WQX-W5,Arsenic,2,0,0.005,0.01,0.0,0.5,West Fork Walker River @ Topaz Lane,38.6106415,-119.5175018,Compliant
21NEV1_WQX-W5,Copper,2,0,0.012,1.3,0.0,0.01,West Fork Walker River @ Topaz Lane,38.6106415,-119.5175018,Compliant
21NEV1_WQX-W5,Fluoride,1,0,0.05,4.0,0.0,0.01,West Fork Walker River @ Topaz Lane,38.6106415,-119.5175018,Compliant
21NEV1_WQX-W5,Lead,2,0,0.0025,0.015,0.0,0.17,West Fork Walker River @ Topaz Lane,38.6106415,-119.5175018,Compliant
21NEV1_WQX-W5,Mercury,2,0,5e-05,0.002,0.0,0.02,West Fork Walker River @ Topaz Lane,38.6106415,-119.5175018,Compliant
21NEV1_WQX-W5,Nitrate,1,0,0.14,10.0,0.0,0.01,West Fork Walker River @ Topaz Lane,38.6106415,-119.5175018,Compliant
21NEV1_WQX-W5,Selenium,2,0,0.005,0.05,0.0,0.1,West Fork Walker River @ Topaz Lane,38.6106415,-119.5175018,Compliant
21NEV1_WQX-W5,Turbidity,1,1,92.0,5.0,100.0,18.4,West Fork Walker River @ Topaz Lane,38.6106415,-119.5175018,Critical
BISHOP_PAIUTE_TRIBE_WQX-SW-1,Turbidity,36,26,867.15,5.0,72.22,173.43,Bishop Creek - SW-1,37.3681,-118.41505,Critical
BISHOP_PAIUTE_TRIBE_WQX-SW-2,Turbidity,33,27,3444.72,5.0,81.82,688.94,Bishop Creek - SW-2,37.374982,-118.4207,Critical
BISHOP_PAIUTE_TRIBE_WQX-SW-4,Turbidity,36,24,2135.83,5.0,66.67,427.17,Bishop Creek - SW-4,37.36408,-118.43129,Critical
BLR-MR1,Turbidity,1,1,23.7,5.0,100.0,4.74,Mad River at HBMWD Pump Station,40.9048,-124.038764,Exceedant
BLR-MR3,Turbidity,1,1,20.8,5.0,100.0,4.16,Mad River at Hatchery Road bridge in Blue Lake,40.876211,-123.992275,Exceedant
BLR-MR4,Turbidity,1,1,21.9,5.0,100.0,4.38,Mad River at Fish hatchery,40.853614,-123.990383,Exceedant
BLR-PC1,Turbidity,1,1,21.3,5.0,100.0,4.26,Powers Creek at mouth,40.882919,-124.0019,Exceedant
BLR-PC2,Turbidity,1,0,3.8,5.0,0.0,0.76,Powers Creek at Stewart property,40.880142,-123.99365,Compliant
BLR-SC1,Turbidity,1,1,11.7,5.0,100.0,2.34,School Creek Mouth,40.888389,-124.006083,Exceedant
BLR_WQX-MR1,Turbidity,14,10,556.0,5.0,71.43,111.2,Mad River at HBMWD Pump Station,40.9048,-124.038764,Critical
BLR_WQX-MR3,Turbidity,15,10,373.0,5.0,66.67,74.6,Mad River at Hatchery Road bridge in Blue Lake,40.876211,-123.992275,Critical
BLR_WQX-MR4,Turbidity,15,10,487.1,5.0,66.67,97.42,Mad River at Fish hatchery,40.853614,-123.990383,Critical
BLR_WQX-PC1,Turbidity,6,6,164.7,5.0,100.0,32.94,Powers Creek at mouth,40.882919,-124.0019,Critical
BLR_WQX-PC2,Turbidity,9,6,14.9,5.0,66.67,2.98,Powers Creek at Stewart property,40.880142,-123.99365,Exceedant
BVR-BVRST01,Arsenic,3,1,0.011,0.01,33.33,1.1,BVRST01,38.27726944,-120.9113556,Exceedant
BVR-BVRST01,Copper,3,0,0.01,1.3,0.0,0.01,BVRST01,38.27726944,-120.9113556,Compliant
BVR-BVRST01,Lead,3,3,0.025,0.015,100.0,1.67,BVRST01,38.27726944,-120.9113556,Exceedant
BVR-BVRST01,Mercury,3,0,0.0001,0.002,0.0,0.05,BVRST01,38.27726944,-120.9113556,Compliant
BVR-BVRST01,Nitrate,2,0,2.65,10.0,0.0,0.26,BVRST01,38.27726944,-120.9113556,Compliant
BVR-BVRST01,Selenium,3,0,0.005,0.05,0.0,0.1,BVRST01,38.27726944,-120.9113556,Compliant
BVR-BVRST01,Turbidity,5,1,8.7,5.0,20.0,1.74,BVRST01,38.27726944,-120.9113556,Exceedant
BVR-BVRST02,Arsenic,2,0,0.005,0.01,0.0,0.5,BVRST02,38.27315833,-120.9096444,Compliant
BVR-BVRST02,Copper,2,0,0.01,1.3,0.0,0.01,BVRST02,38.27315833,-120.9096444,Compliant
BVR-BVRST02,Lead,2,2,0.025,0.015,100.0,1.67,BVRST02,38.27315833,-120.9096444,Exceedant
BVR-BVRST02,Mercury,2,0,0.0001,0.002,0.0,0.05,BVRST02,38.27315833,-120.9096444,Compliant
BVR-BVRST02,Nitrate,3,0,0.557,10.0,0.0,0.06,BVRST02,38.27315833,-120.9096444,Compliant
BVR-BVRST02,Selenium,2,0,0.005,0.05,0.0,0.1,BVRST02,38.27315833,-120.9096444,Compliant
BVR-BVRST02,Turbidity,3,2,17.4,5.0,66.67,3.48,BVRST02,38.27315833,-120.9096444,Exceedant
CA_BVR-LC01,Turbidity,2,2,29.8,5.0,100.0,5.96,Lily Cove 01,38.98055,-122.689567,Critical
CA_BVR-RED01,Turbidity,3,2,19.7,5.0,66.67,3.94,Redbud Park 01,38.9489,-122.63661,Exceedant
COCOPAH_INDIAN-CDN31,Turbidity,2,1,6.2,5.0,50.0,1.24,Colorado River Downstream,32.72294,-114.7178,Exceedant
COCOPAH_INDIAN-CRR50,Turbidity,2,0,4.2,5.0,0.0,0.84,Duplicate of CDN31,32.72294,-114.7178,Compliant
COCOPAH_INDIAN-CUP30,Turbidity,2,2,5.6,5.0,100.0,1.12,Colorado River Upstream,32.73566,-114.6741,Exceedant
COCOPAH_INDIAN-ED43,Turbidity,2,0,3.8,5.0,0.0,0.76,City of Yuma Effluent Drain,32.72294,-114.7178,Compliant
CORTINARANCHERIA_WQX-SW-1,Arsenic,1,0,0.005,0.01,0.0,0.5,Channel 8a RPW,39.020433,-122.288217,Compliant
CORTINARANCHERIA_WQX-SW-1,Fluoride,1,0,0.24,4.0,0.0,0.06,Channel 8a RPW,39.020433,-122.288217,Compliant
CORTINARANCHERIA_WQX-SW-1,Nitrate,1,0,0.1,10.0,0.0,0.01,Channel 8a RPW,39.020433,-122.288217,Compliant
CORTINARANCHERIA_WQX-SW-3,Turbidity,1,1,182.53,5.0,100.0,36.51,Channel 8a RPW,39.019413,-122.280166,Critical
COYOTEVAL_WQX-CABFOR,Turbidity,154,54,78.1627,5.0,35.06,15.63,Cabinet Forsythe Creek,39.253515,-123.213413,Critical
COYOTEVAL_WQX-CASFOR,Turbidity,154,51,86.83035,5.0,33.12,17.37,Casino Forsythe Creek,39.251156,-123.205334,Critical
COYOTEVAL_WQX-WRUSS,Turbidity,154,18,23.05291,5.0,11.69,4.61,West Fork Russian River,39.25466,-123.204443,Exceedant
CWLT_WQX-CCAB,Nitrate,1,0,0.5,10.0,0.0,0.05,Above Bridge at Cahto Creek,39.670754,-123.4990518,Compliant
CWLT_WQX-CCL,Arsenic,1,0,0.001,0.01,0.0,0.1,Lower Cahto Creek,39.672445,-123.495684,Compliant
CWLT_WQX-CCL,Lead,1,0,0.001,0.015,0.0,0.07,Lower Cahto Creek,39.672445,-123.495684,Compliant
CWLT_WQX-CCL,Mercury,1,0,5.1e-06,0.002,0.0,0.0,Lower Cahto Creek,39.672445,-123.495684,Compliant
CWLT_WQX-CCL,Nitrate,2,0,0.5,10.0,0.0,0.05,Lower Cahto Creek,39.672445,-123.495684,Compliant
CWLT_WQX-CCM,Arsenic,1,0,0.001,0.01,0.0,0.1,Middle Cahto Creek,39.671482,-123.498422,Compliant
CWLT_WQX-CCM,Lead,1,0,0.001,0.015,0.0,0.07,Middle Cahto Creek,39.671482,-123.498422,Compliant
CWLT_WQX-CCM,Mercury,1,0,6.2e-06,0.002,0.0,0.0,Middle Cahto Creek,39.671482,-123.498422,Compliant
CWLT_WQX-CCM,Nitrate,2,0,0.5,10.0,0.0,0.05,Middle Cahto Creek,39.671482,-123.498422,Compliant
CWLT_WQX-CCU,Arsenic,1,0,0.001,0.01,0.0,0.1,Upper Cahto Creek,39.6665697,-123.5084152,Compliant
CWLT_WQX-CCU,Lead,1,0,0.001,0.015,0.0,0.07,Upper Cahto Creek,39.6665697,-123.5084152,Compliant
CWLT_WQX-CCU,Mercury,1,0,9.7e-06,0.002,0.0,0.0,Upper Cahto Creek,39.6665697,-123.5084152,Compliant
CWLT_WQX-CCU,Nitrate,2,0,0.5,10.0,0.0,0.05,Upper Cahto Creek,39.6665697,-123.5084152,Compliant
CWLT_WQX-DCC,Arsenic,1,0,0.001,0.01,0.0,0.1,Dead Cow Creek,39.66699868,-123.5080272,Compliant
CWLT_WQX-DCC,Lead,1,0,0.001,0.015,0.0,0.07,Dead Cow Creek,39.66699868,-123.5080272,Compliant
CWLT_WQX-DCC,Mercury,1,0,4.1e-06,0.002,0.0,0.0,Dead Cow Creek,39.66699868,-123.5080272,Compliant
CWLT_WQX-DCC,Nitrate,3,0,0.5,10.0,0.0,0.05,Dead Cow Creek,39.66699868,-123.5080272,Compliant
CWLT_WQX-DR1,Arsenic,1,0,0.001,0.01,0.0,0.1,Drainage 1,39.67188803,-123.5045329,Compliant
CWLT_WQX-DR1,Lead,1,0,0.001,0.015,0.0,0.07,Drainage 1,39.67188803,-123.5045329,Compliant
CWLT_WQX-DR1,Mercury,1,0,3.1e-06,0.002,0.0,0.0,Drainage 1,39.67188803,-123.5045329,Compliant
CWLT_WQX-DR1,Nitrate,2,0,0.5,10.0,0.0,0.05,Drainage 1,39.67188803,-123.5045329,Compliant
ELKVALLEYCA_WQX-EVR9,Nitrate,1,0,1.56,10.0,0.0,0.16,EVRADMIN,41.759,-124.158,Compliant
ELKVALLEYCA_WQX-EVR9,Turbidity,1,1,18700.0,5.0,100.0,3740.0,EVRADMIN,41.759,-124.158,Critical
ELKVALLEYCA_WQX-SRW6,Nitrate,1,0,0.93,10.0,0.0,0.09,Stary Ranch West,41.766,-124.1572,Compliant
ELKVALLEYCA_WQX-SRW6,Turbidity,1,1,21792.0,5.0,100.0,4358.4,Stary Ranch West,41.766,-124.1572,Critical
GLEC-10065,Arsenic,5,0,0.0034,0.01,0.0,0.34,Colorado River,34.71448,-114.47841,Compliant
GLEC-10065,Copper,5,0,0.00077,1.3,0.0,0.0,Colorado River,34.71448,-114.47841,Compliant
GLEC-10065,Fluoride,3,0,0.34,4.0,0.0,0.08,Colorado River,34.71448,-114.47841,Compliant
GLEC-10065,Lead,5,0,0.00011,0.015,0.0,0.01,Colorado River,34.71448,-114.47841,Compliant
GLEC-10065,Mercury,5,0,3.5e-05,0.002,0.0,0.02,Colorado River,34.71448,-114.47841,Compliant
GLEC-10065,Selenium,7,0,0.0019,0.05,0.0,0.04,Colorado River,34.71448,-114.47841,Compliant
GLEC-10065,Turbidity,2,0,0.82,5.0,0.0,0.16,Colorado River,34.71448,-114.47841,Compliant
GLEC-10124,Arsenic,6,0,0.0031,0.01,0.0,0.31,Colorado River,33.25861,-114.67224,Compliant
GLEC-10124,Copper,6,0,0.001,1.3,0.0,0.0,Colorado River,33.25861,-114.67224,Compliant
GLEC-10124,Fluoride,4,0,0.35,4.0,0.0,0.09,Colorado River,33.25861,-114.67224,Compliant
GLEC-10124,Lead,6,0,0.00011,0.015,0.0,0.01,Colorado River,33.25861,-114.67224,Compliant
GLEC-10124,Mercury,8,0,0.00057,0.002,0.0,0.28,Colorado River,33.25861,-114.67224,Compliant
GLEC-10124,Selenium,4,0,0.0016,0.05,0.0,0.03,Colorado River,33.25861,-114.67224,Compliant
GLEC-10124,Turbidity,2,0,3.86,5.0,0.0,0.77,Colorado River,33.25861,-114.67224,Compliant
HPUL1EPA_WQX-AC-01,Turbidity,21,10,154.0,5.0,47.62,30.8,Alley Creek AC 1,39.17978,-122.89691,Critical
HPUL1EPA_WQX-CC-02,Turbidity,19,7,49.6,5.0,36.84,9.92,Clover Creek CC 2,39.161777,-122.911785,Critical
HPUL1EPA_WQX-CD-01,Turbidity,30,7,117.0,5.0,23.33,23.4,Clover Diversion CD 1,39.176031,-122.902892,Critical
HPUL1EPA_WQX-LC-01,Turbidity,29,14,131.0,5.0,48.28,26.2,Lyons Creek LC 1,39.11045,-122.906509,Critical
HPUL1EPA_WQX-MC-01,Turbidity,32,9,530.0,5.0,28.12,106.0,Upper Middle Creek MC 1,39.207885,-122.92589,Critical
HPUL1EPA_WQX-MC-02,Turbidity,36,10,520.0,5.0,27.78,104.0,Middle Creek MC 2,39.18643,-122.908696,Critical
HPUL1EPA_WQX-MC-03,Turbidity,37,8,568.0,5.0,21.62,113.6,Middle Creek MC 3,39.1825,-122.911906,Critical
HPUL1EPA_WQX-MC-04,Turbidity,38,13,276.0,5.0,34.21,55.2,Middle Creek MC 4,39.163253,-122.916073,Critical
HPUL1EPA_WQX-RC-01,Turbidity,2,0,2.87,5.0,0.0,0.57,Robinson Creek RC 1,39.142176,-122.911167,Compliant
HPUL1EPA_WQX-RS-01,Turbidity,38,35,169.0,5.0,92.11,33.8,Rodman Slough RS 1,39.118256,-122.886619,Critical
HPUL1EPA_WQX-SC-01,Turbidity,36,35,285.0,5.0,97.22,57.0,Scotts Creek SC 1,39.159571,-122.921307,Critical
KARUKDNR_WQX-HC,Turbidity,3,2,54.76,5.0,66.67,10.95,Happy Camp,41.729667,-123.429583,Critical
KARUKDNR_WQX-IG,Turbidity,5,0,2.7,5.0,0.0,0.54,Iron Gate Dam,41.930767,-122.442305,Compliant
KARUKDNR_WQX-OR,Turbidity,5,2,14.08,5.0,40.0,2.82,Orleans,41.303611,-123.533333,Exceedant
KARUKDNR_WQX-SA,Turbidity,5,1,8.6,5.0,20.0,1.72,Salmon River,41.376944,-123.477222,Exceedant
KARUKDNR_WQX-SC,Turbidity,5,1,11.1,5.0,20.0,2.22,Scott River,41.768333,-123.026111,Exceedant
KARUKDNR_WQX-SH,Turbidity,5,0,2.02,5.0,0.0,0.4,Shasta River,41.823056,-122.594444,Compliant
KARUKDNR_WQX-SV,Turbidity,5,4,11.47,5.0,80.0,2.29,Seiad Valley,41.853889,-123.231111,Exceedant
KARUKDNR_WQX-WA,Turbidity,5,3,22.36,5.0,60.0,4.47,Walker Bridge,41.837367,-122.864917,Exceedant
KASHIA-S_ES,Nitrate,1,0,0.1,10.0,0.0,0.01,South Ephemeral Stream,38.39307,123.2032,Compliant
KASHIA-S_ES,Turbidity,1,1,6.56,5.0,100.0,1.31,South Ephemeral Stream,38.39307,123.2032,Exceedant
LOSCOYOTESBANDOFCAHUILLACUPENO-LCC1,Nitrate,1,0,0.83,10.0,0.0,0.08,Upper San Ysidro Creek,33.26164,-116.5515,Compliant
LOSCOYOTESBANDOFCAHUILLACUPENO-LCC1,Turbidity,1,1,25.0,5.0,100.0,5.0,Upper San Ysidro Creek,33.26164,-116.5515,Exceedant
LOSCOYOTESBANDOFCAHUILLACUPENO-LCC2,Nitrate,1,0,0.74,10.0,0.0,0.07,Lower San Ysidro Creek,33.25496,-116.5771,Compliant
LOSCOYOTESBANDOFCAHUILLACUPENO-LCC2,Turbidity,1,1,17.0,5.0,100.0,3.4,Lower San Ysidro Creek,33.25496,-116.5771,Exceedant
MIDDLETOWNUPCW_WQX-SW-12,Arsenic,3,0,0.001,0.01,0.0,0.1,Rancheria Middle,38.72908,-122.62382,Compliant
MIDDLETOWNUPCW_WQX-SW-12,Copper,3,0,0.001,1.3,0.0,0.0,Rancheria Middle,38.72908,-122.62382,Compliant
MIDDLETOWNUPCW_WQX-SW-12,Lead,3,0,0.004,0.015,0.0,0.27,Rancheria Middle,38.72908,-122.62382,Compliant
MIDDLETOWNUPCW_WQX-SW-12,Mercury,2,0,7.4e-06,0.002,0.0,0.0,Rancheria Middle,38.72908,-122.62382,Compliant
MIDDLETOWNUPCW_WQX-SW-12,Nitrate,3,0,0.25,10.0,0.0,0.02,Rancheria Middle,38.72908,-122.62382,Compliant
MIDDLETOWNUPCW_WQX-SW-12,Selenium,3,0,0.007,0.05,0.0,0.14,Rancheria Middle,38.72908,-122.62382,Compliant
MIDDLETOWNUPCW_WQX-SW-12,Turbidity,1,0,2.58,5.0,0.0,0.52,Rancheria Middle,38.72908,-122.62382,Compliant
MIDDLETOWNUPCW_WQX-SW-61,Arsenic,5,0,0.001,0.01,0.0,0.1,Upstream St Helena,38.73226,-122.61851,Compliant
MIDDLETOWNUPCW_WQX-SW-61,Copper,5,0,0.001,1.3,0.0,0.0,Upstream St Helena,38.73226,-122.61851,Compliant
MIDDLETOWNUPCW_WQX-SW-61,Lead,5,0,0.001,0.015,0.0,0.07,Upstream St Helena,38.73226,-122.61851,Compliant
MIDDLETOWNUPCW_WQX-SW-61,Mercury,5,0,1.4e-05,0.002,0.0,0.01,Upstream St Helena,38.73226,-122.61851,Compliant
MIDDLETOWNUPCW_WQX-SW-61,Nitrate,5,0,0.25,10.0,0.0,0.02,Upstream St Helena,38.73226,-122.61851,Compliant
MIDDLETOWNUPCW_WQX-SW-61,Selenium,5,0,0.007,0.05,0.0,0.14,Upstream St Helena,38.73226,-122.61851,Compliant
MIDDLETOWNUPCW_WQX-SW-61,Turbidity,3,0,4.55,5.0,0.0,0.91,Upstream St Helena,38.73226,-122.61851,Compliant
MIDDLETOWNUPCW_WQX-SW-71,Arsenic,1,0,0.001,0.01,0.0,0.1,Drainage to Lower Pond,38.72548,-122.62657,Compliant
MIDDLETOWNUPCW_WQX-SW-71,Copper,1,0,0.003,1.3,0.0,0.0,Drainage to Lower Pond,38.72548,-122.62657,Compliant
MIDDLETOWNUPCW_WQX-SW-71,Lead,1,0,0.001,0.015,0.0,0.07,Drainage to Lower Pond,38.72548,-122.62657,Compliant
MIDDLETOWNUPCW_WQX-SW-71,Nitrate,1,0,0.25,10.0,0.0,0.02,Drainage to Lower Pond,38.72548,-122.62657,Compliant
MIDDLETOWNUPCW_WQX-SW-71,Selenium,1,0,0.005,0.05,0.0,0.1,Drainage to Lower Pond,38.72548,-122.62657,Compliant
MIDDLETOWNUPCW_WQX-SW-71,Turbidity,1,1,19.98,5.0,100.0,4.0,Drainage to Lower Pond,38.72548,-122.62657,Exceedant
MORONGO1_WQX-BC1,Arsenic,3,0,0.01,0.01,0.0,1.0,Bear Canyon Creek,33.96819,-116.8631,Compliant
MORONGO1_WQX-BC1,Copper,3,0,0.05,1.3,0.0,0.04,Bear Canyon Creek,33.96819,-116.8631,Compliant
MORONGO1_WQX-BC1,Lead,3,1,0.025,0.015,33.33,1.67,Bear Canyon Creek,33.96819,-116.8631,Exceedant
MORONGO1_WQX-BC1,Mercury,3,0,0.001,0.002,0.0,0.5,Bear Canyon Creek,33.96819,-116.8631,Compliant
MORONGO1_WQX-BC1,Nitrate,3,0,1.6,10.0,0.0,0.16,Bear Canyon Creek,33.96819,-116.8631,Compliant
MORONGO1_WQX-BC1,Selenium,3,0,0.025,0.05,0.0,0.5,Bear Canyon Creek,33.96819,-116.8631,Compliant
MORONGO1_WQX-BC1,Turbidity,7,1,7.17,5.0,14.29,1.43,Bear Canyon Creek,33.96819,-116.8631,Exceedant
MORONGO1_WQX-H000,Arsenic,2,0,0.001,0.01,0.0,0.1,Hathaway 000,33.96822,-116.863,Compliant
MORONGO1_WQX-H000,Copper,2,0,0.005,1.3,0.0,0.0,Hathaway 000,33.96822,-116.863,Compliant
MORONGO1_WQX-H000,Lead,2,0,0.0025,0.015,0.0,0.17,Hathaway 000,33.96822,-116.863,Compliant
MORONGO1_WQX-H000,Mercury,2,0,0.0001,0.002,0.0,0.05,Hathaway 000,33.96822,-116.863,Compliant
MORONGO1_WQX-H000,Nitrate,2,0,1.3,10.0,0.0,0.13,Hathaway 000,33.96822,-116.863,Compliant
MORONGO1_WQX-H000,Selenium,2,0,0.0025,0.05,0.0,0.05,Hathaway 000,33.96822,-116.863,Compliant
MORONGO1_WQX-H000,Turbidity,6,1,75.5,5.0,16.67,15.1,Hathaway 000,33.96822,-116.863,Critical
MORONGO1_WQX-HE1,Arsenic,2,0,0.001,0.01,0.0,0.1,Hathaway East,33.97434,-116.8605,Compliant
MORONGO1_WQX-HE1,Copper,2,0,0.005,1.3,0.0,0.0,Hathaway East,33.97434,-116.8605,Compliant
MORONGO1_WQX-HE1,Lead,2,0,0.0025,0.015,0.0,0.17,Hathaway East,33.97434,-116.8605,Compliant
MORONGO1_WQX-HE1,Mercury,2,0,0.0001,0.002,0.0,0.05,Hathaway East,33.97434,-116.8605,Compliant
MORONGO1_WQX-HE1,Nitrate,2,0,1.6,10.0,0.0,0.16,Hathaway East,33.97434,-116.8605,Compliant
MORONGO1_WQX-HE1,Selenium,2,0,0.0025,0.05,0.0,0.05,Hathaway East,33.97434,-116.8605,Compliant
MORONGO1_WQX-HE1,Turbidity,6,1,7.22,5.0,16.67,1.44,Hathaway East,33.97434,-116.8605,Exceedant
MORONGO1_WQX-HW1,Arsenic,3,0,0.001,0.01,0.0,0.1,Hathaway West,33.97447,-116.8608,Compliant
MORONGO1_WQX-HW1,Copper,3,0,0.005,1.3,0.0,0.0,Hathaway West,33.97447,-116.8608,Compliant
MORONGO1_WQX-HW1,Lead,3,0,0.0025,0.015,0.0,0.17,Hathaway West,33.97447,-116.8608,Compliant
MORONGO1_WQX-HW1,Mercury,3,0,0.0001,0.002,0.0,0.05,Hathaway West,33.97447,-116.8608,Compliant
MORONGO1_WQX-HW1,Nitrate,3,0,3.8,10.0,0.0,0.38,Hathaway West,33.97447,-116.8608,Compliant
MORONGO1_WQX-HW1,Selenium,3,0,0.0025,0.05,0.0,0.05,Hathaway West,33.97447,-116.8608,Compliant
MORONGO1_WQX-HW1,Turbidity,7,0,4.89,5.0,0.0,0.98,Hathaway West,33.97447,-116.8608,Compliant
MORONGO1_WQX-LMO,Arsenic,4,0,0.001,0.01,0.0,0.1,Lake Morongo Out,33.99055,-116.8423,Compliant
MORONGO1_WQX-LMO,Copper,4,0,0.005,1.3,0.0,0.0,Lake Morongo Out,33.99055,-116.8423,Compliant
MORONGO1_WQX-LMO,Lead,4,0,0.0025,0.015,0.0,0.17,Lake Morongo Out,33.99055,-116.8423,Compliant
MORONGO1_WQX-LMO,Mercury,4,0,0.0001,0.002,0.0,0.05,Lake Morongo Out,33.99055,-116.8423,Compliant
MORONGO1_WQX-LMO,Nitrate,4,0,1.1,10.0,0.0,0.11,Lake Morongo Out,33.99055,-116.8423,Compliant
MORONGO1_WQX-LMO,Selenium,4,0,0.0025,0.05,0.0,0.05,Lake Morongo Out,33.99055,-116.8423,Compliant
MORONGO1_WQX-LMO,Turbidity,8,3,14.08,5.0,37.5,2.82,Lake Morongo Out,33.99055,-116.8423,Exceedant
MORONGO1_WQX-M001,Arsenic,2,0,0.001,0.01,0.0,0.1,Millard 001,33.97742,-116.7972,Compliant
MORONGO1_WQX-M001,Copper,2,0,0.005,1.3,0.0,0.0,Millard 001,33.97742,-116.7972,Compliant
MORONGO1_WQX-M001,Lead,2,0,0.0025,0.015,0.0,0.17,Millard 001,33.97742,-116.7972,Compliant
MORONGO1_WQX-M001,Mercury,2,0,0.0001,0.002,0.0,0.05,Millard 001,33.97742,-116.7972,Compliant
MORONGO1_WQX-M001,Nitrate,2,0,0.81,10.0,0.0,0.08,Millard 001,33.97742,-116.7972,Compliant
MORONGO1_WQX-M001,Selenium,2,0,0.0025,0.05,0.0,0.05,Millard 001,33.97742,-116.7972,Compliant
MORONGO1_WQX-M001,Turbidity,4,2,28.2,5.0,50.0,5.64,Millard 001,33.97742,-116.7972,Critical
MORONGO1_WQX-M003,Arsenic,4,0,0.0027,0.01,0.0,0.27,Millard 003,33.96146,-116.8,Compliant
MORONGO1_WQX-M003,Copper,4,0,0.099,1.3,0.0,0.08,Millard 003,33.96146,-116.8,Compliant
MORONGO1_WQX-M003,Lead,4,1,0.027,0.015,25.0,1.8,Millard 003,33.96146,-116.8,Exceedant
MORONGO1_WQX-M003,Mercury,4,0,0.0001,0.002,0.0,0.05,Millard 003,33.96146,-116.8,Compliant
MORONGO1_WQX-M003,Nitrate,4,0,0.83,10.0,0.0,0.08,Millard 003,33.96146,-116.8,Compliant
MORONGO1_WQX-M003,Selenium,4,0,0.0025,0.05,0.0,0.05,Millard 003,33.96146,-116.8,Compliant
MORONGO1_WQX-M003,Turbidity,6,4,900.0,5.0,66.67,180.0,Millard 003,33.96146,-116.8,Critical
MORONGO1_WQX-WC1,Arsenic,4,0,0.001,0.01,0.0,0.1,Wood Canyon,34.0143,-116.8205,Compliant
MORONGO1_WQX-WC1,Copper,4,0,0.005,1.3,0.0,0.0,Wood Canyon,34.0143,-116.8205,Compliant
MORONGO1_WQX-WC1,Lead,4,0,0.0025,0.015,0.0,0.17,Wood Canyon,34.0143,-116.8205,Compliant
MORONGO1_WQX-WC1,Mercury,4,0,0.0001,0.002,0.0,0.05,Wood Canyon,34.0143,-116.8205,Compliant
MORONGO1_WQX-WC1,Nitrate,4,0,0.1,10.0,0.0,0.01,Wood Canyon,34.0143,-116.8205,Compliant
MORONGO1_WQX-WC1,Selenium,4,0,0.0025,0.05,0.0,0.05,Wood Canyon,34.0143,-116.8205,Compliant
MORONGO1_WQX-WC1,Turbidity,8,0,0.32,5.0,0.0,0.06,Wood Canyon,34.0143,-116.8205,Compliant
NARS_WQX-NRS_AZ-10737,Nitrate,1,0,0.472,10.0,0.0,0.05,NRS_AZ-10737,34.71447791,-114.4784112,Compliant
NARS_WQX-NRS_AZ-10737,Turbidity,1,0,0.35,5.0,0.0,0.07,NRS_AZ-10737,34.71447791,-114.4784112,Compliant
NARS_WQX-NRS_AZ-11332,Nitrate,1,0,0.197,10.0,0.0,0.02,NRS_AZ-11332,33.25861242,-114.6722402,Compliant
NARS_WQX-NRS_AZ-11332,Turbidity,1,0,1.2,5.0,0.0,0.24,NRS_AZ-11332,33.25861242,-114.6722402,Compliant
NARS_WQX-NRS_CA-10808,Nitrate,1,0,0.002,10.0,0.0,0.0,NRS_CA-10808,39.4667372,-120.9644497,Compliant
NARS_WQX-NRS_CA-10808,Turbidity,1,0,0.18,5.0,0.0,0.04,NRS_CA-10808,39.4667372,-120.9644497,Compliant
NARS_WQX-NRS_CA-10816,Nitrate,1,0,0.00075,10.0,0.0,0.0,Antelope Creek,40.21900407,-121.9974197,Compliant
NARS_WQX-NRS_CA-10816,Turbidity,1,0,0.38,5.0,0.0,0.08,Antelope Creek,40.21900407,-121.9974197,Compliant
NARS_WQX-NRS_CA-11188,Nitrate,1,0,0.022,10.0,0.0,0.0,NRS_CA-11188,39.89477887,-123.3258226,Compliant
NARS_WQX-NRS_CA-11188,Turbidity,1,0,0.39,5.0,0.0,0.08,NRS_CA-11188,39.89477887,-123.3258226,Compliant
NARS_WQX-NRS_CA-11193,Nitrate,2,0,0.471,10.0,0.0,0.05,NRS_CA-11193,37.20576447,-121.820994,Compliant
NARS_WQX-NRS_CA-11193,Turbidity,2,0,2.2,5.0,0.0,0.44,NRS_CA-11193,37.20576447,-121.820994,Compliant
NARS_WQX-NRS_CA-11201,Nitrate,1,0,0.029,10.0,0.0,0.0,South Mokelumne River,38.20358832,-121.4779461,Compliant
NARS_WQX-NRS_CA-11201,Turbidity,1,0,2.7,5.0,0.0,0.54,South Mokelumne River,38.20358832,-121.4779461,Compliant
NARS_WQX-NRS_CA-11203,Nitrate,2,0,0.452,10.0,0.0,0.05,San Joaquin River,37.95233572,-121.339221,Compliant
NARS_WQX-NRS_CA-11203,Turbidity,2,1,7.1,5.0,50.0,1.42,San Joaquin River,37.95233572,-121.339221,Exceedant
NARS_WQX-NRS_CA-11204,Nitrate,1,0,0.113,10.0,0.0,0.01,Sacramento River,38.63823103,-121.5636929,Compliant
NARS_WQX-NRS_CA-11204,Turbidity,1,0,3.8,5.0,0.0,0.76,Sacramento River,38.63823103,-121.5636929,Compliant
NARS_WQX-NRS_CA-11205,Nitrate,1,0,0.003,10.0,0.0,0.0,San Joaquin River,36.77903524,-120.233343,Compliant
NARS_WQX-NRS_CA-11205,Turbidity,1,0,1.1,5.0,0.0,0.22,San Joaquin River,36.77903524,-120.233343,Compliant
NARS_WQX-NRS_CA-11212,Nitrate,1,0,0.055,10.0,0.0,0.01,Little French Creek,40.77203975,-123.3027922,Compliant
NARS_WQX-NRS_CA-11212,Turbidity,1,0,0.15,5.0,0.0,0.03,Little French Creek,40.77203975,-123.3027922,Compliant
NARS_WQX-NRS_CA-11221,Nitrate,1,0,0.014,10.0,0.0,0.0,NRS_CA-11221,37.19814908,-122.2201174,Compliant
NARS_WQX-NRS_CA-11221,Turbidity,1,0,0.0,5.0,0.0,0.0,NRS_CA-11221,37.19814908,-122.2201174,Compliant
NARS_WQX-NRS_CA-11225,Nitrate,1,0,0.028,10.0,0.0,0.0,NRS_CA-11225,37.20127092,-119.3033644,Compliant
NARS_WQX-NRS_CA-11225,Turbidity,1,0,0.67,5.0,0.0,0.13,NRS_CA-11225,37.20127092,-119.3033644,Compliant
NARS_WQX-NRS_CA-11226,Nitrate,1,0,0.002,10.0,0.0,0.0,Willow Creek,40.13079561,-121.4652129,Compliant
NARS_WQX-NRS_CA-11226,Turbidity,1,0,0.05,5.0,0.0,0.01,Willow Creek,40.13079561,-121.4652129,Compliant
NARS_WQX-NRS_CA-11311,Nitrate,1,0,0.128,10.0,0.0,0.01,Miner Slough,38.26340292,-121.647551,Compliant
NARS_WQX-NRS_CA-11311,Turbidity,1,0,2.7,5.0,0.0,0.54,Miner Slough,38.26340292,-121.647551,Compliant
NARS_WQX-NRS_CA-11332,Nitrate,1,0,0.113,10.0,0.0,0.01,Plum Creek,40.30767586,-121.8581376,Compliant
NARS_WQX-NRS_CA-11332,Turbidity,1,0,0.33,5.0,0.0,0.07,Plum Creek,40.30767586,-121.8581376,Compliant
NARS_WQX-NRS_CA-11341,Nitrate,1,0,0.217,10.0,0.0,0.02,Taboose Creek,37.00309692,-118.2945214,Compliant
NARS_WQX-NRS_CA-11341,Turbidity,1,0,0.32,5.0,0.0,0.06,Taboose Creek,37.00309692,-118.2945214,Compliant
NARS_WQX-NRS_CA-11351,Nitrate,1,0,0.13,10.0,0.0,0.01,NRS_CA-11351,34.47673422,-120.2299815,Compliant
NARS_WQX-NRS_CA-11351,Turbidity,1,0,0.01,5.0,0.0,0.0,NRS_CA-11351,34.47673422,-120.2299815,Compliant
NARS_WQX-NRS_CA-11355,Nitrate,1,0,0.033,10.0,0.0,0.0,Tuolumne River,37.66785824,-120.4750645,Compliant
NARS_WQX-NRS_CA-11355,Turbidity,1,0,0.39,5.0,0.0,0.08,Tuolumne River,37.66785824,-120.4750645,Compliant
NARS_WQX-NRS_CA-11356,Nitrate,1,0,0.104,10.0,0.0,0.01,NRS_CA-11356,37.20033257,-118.2764703,Compliant
NARS_WQX-NRS_CA-11356,Turbidity,1,0,4.3,5.0,0.0,0.86,NRS_CA-11356,37.20033257,-118.2764703,Compliant
NARS_WQX-NRS_CA-11362,Nitrate,1,0,0.082,10.0,0.0,0.01,Feather River,38.85129958,-121.6304411,Compliant
NARS_WQX-NRS_CA-11362,Turbidity,1,0,1.8,5.0,0.0,0.36,Feather River,38.85129958,-121.6304411,Compliant
NARS_WQX-NRS_CA-11367,Nitrate,1,0,0.003,10.0,0.0,0.0,NRS_CA-11367,38.90328768,-123.509526,Compliant
NARS_WQX-NRS_CA-11367,Turbidity,1,0,0.0,5.0,0.0,0.0,NRS_CA-11367,38.90328768,-123.509526,Compliant
NARS_WQX-NRS_CA-11379,Nitrate,1,0,0.013,10.0,0.0,0.0,NRS_CA-11379,39.29910365,-120.8196515,Compliant
NARS_WQX-NRS_CA-11379,Turbidity,1,0,0.12,5.0,0.0,0.02,NRS_CA-11379,39.29910365,-120.8196515,Compliant
NARS_WQX-NRS_CA-11380,Nitrate,1,0,0.046,10.0,0.0,0.0,NRS_CA-11380,39.90183642,-121.0158282,Compliant
NARS_WQX-NRS_CA-11380,Turbidity,1,0,0.0,5.0,0.0,0.0,NRS_CA-11380,39.90183642,-121.0158282,Compliant
NARS_WQX-NRS_CA-11381,Nitrate,1,0,0.078,10.0,0.0,0.01,NRS_CA-11381,39.9128651,-123.2113536,Compliant
NARS_WQX-NRS_CA-11381,Turbidity,1,0,0.0,5.0,0.0,0.0,NRS_CA-11381,39.9128651,-123.2113536,Compliant
NARS_WQX-NRS_CA-11385,Nitrate,1,0,0.088,10.0,0.0,0.01,NRS_CA-11385,38.81429067,-120.4411683,Compliant
NARS_WQX-NRS_CA-11385,Turbidity,1,0,0.44,5.0,0.0,0.09,NRS_CA-11385,38.81429067,-120.4411683,Compliant
NARS_WQX-NRS_CA-11388,Nitrate,1,0,0.003,10.0,0.0,0.0,NRS_CA-11388,41.19905172,-123.6639524,Compliant
NARS_WQX-NRS_CA-11388,Turbidity,1,0,0.3,5.0,0.0,0.06,NRS_CA-11388,41.19905172,-123.6639524,Compliant
NARS_WQX-NRS_CA-11395,Nitrate,1,0,0.042,10.0,0.0,0.0,NRS_CA-11395,40.76759392,-121.440752,Compliant
NARS_WQX-NRS_CA-11395,Turbidity,1,0,0.18,5.0,0.0,0.04,NRS_CA-11395,40.76759392,-121.440752,Compliant
NARS_WQX-NRS_CA-11398,Nitrate,1,0,0.002,10.0,0.0,0.0,NRS_CA-11398,36.78774901,-120.2188455,Compliant
NARS_WQX-NRS_CA-11398,Turbidity,1,0,1.1,5.0,0.0,0.22,NRS_CA-11398,36.78774901,-120.2188455,Compliant
NARS_WQX-NRS_CA-11399,Nitrate,1,0,0.071,10.0,0.0,0.01,NRS_CA-11399,40.12872048,-120.6256522,Compliant
NARS_WQX-NRS_CA-11399,Turbidity,1,0,4.1,5.0,0.0,0.82,NRS_CA-11399,40.12872048,-120.6256522,Compliant
NARS_WQX-NRS_CA-11402,Nitrate,1,0,0.102,10.0,0.0,0.01,NRS_CA-11402,37.20416712,-118.2819708,Compliant
NARS_WQX-NRS_CA-11402,Turbidity,1,0,4.1,5.0,0.0,0.82,NRS_CA-11402,37.20416712,-118.2819708,Compliant
NARS_WQX-NRS_CA-11403,Nitrate,1,0,0.00075,10.0,0.0,0.0,NRS_CA-11403,39.79081408,-120.6419665,Compliant
NARS_WQX-NRS_CA-11403,Turbidity,1,0,0.93,5.0,0.0,0.19,NRS_CA-11403,39.79081408,-120.6419665,Compliant
NARS_WQX-NRS_CA-11413,Nitrate,1,0,0.027,10.0,0.0,0.0,NRS_CA-11413,41.3774155,-120.2848126,Compliant
NARS_WQX-NRS_CA-11413,Turbidity,1,0,0.33,5.0,0.0,0.07,NRS_CA-11413,41.3774155,-120.2848126,Compliant
NARS_WQX-NRS_CA-11433,Nitrate,1,0,0.007,10.0,0.0,0.0,NRS_CA-11433,37.00257693,-119.0177149,Compliant
NARS_WQX-NRS_CA-11433,Turbidity,1,0,0.87,5.0,0.0,0.17,NRS_CA-11433,37.00257693,-119.0177149,Compliant
NARS_WQX-NRS_CA-11446,Nitrate,1,0,0.008,10.0,0.0,0.0,NRS_CA-11446,39.01538593,-123.1013431,Compliant
NARS_WQX-NRS_CA-11446,Turbidity,1,0,1.1,5.0,0.0,0.22,NRS_CA-11446,39.01538593,-123.1013431,Compliant
NARS_WQX-NRS_CA-11456,Nitrate,1,0,0.01,10.0,0.0,0.0,NRS_CA-11456,37.19787998,-119.6111153,Compliant
NARS_WQX-NRS_CA-11456,Turbidity,1,0,0.46,5.0,0.0,0.09,NRS_CA-11456,37.19787998,-119.6111153,Compliant
NARS_WQX-NRS_CA-11458,Nitrate,1,0,0.069,10.0,0.0,0.01,NRS_CA-11458,40.07872265,-121.4942776,Compliant
NARS_WQX-NRS_CA-11458,Turbidity,1,0,0.02,5.0,0.0,0.0,NRS_CA-11458,40.07872265,-121.4942776,Compliant
NARS_WQX-NRS_CA-11461,Nitrate,1,0,0.002,10.0,0.0,0.0,NRS_CA-11461,38.1019043,-120.2971877,Compliant
NARS_WQX-NRS_CA-11461,Turbidity,1,0,0.09,5.0,0.0,0.02,NRS_CA-11461,38.1019043,-120.2971877,Compliant
NARS_WQX-NRS_CA-11468,Nitrate,1,0,0.003,10.0,0.0,0.0,NRS_CA-11468,40.16099682,-120.5078306,Compliant
NARS_WQX-NRS_CA-11468,Turbidity,1,0,3.3,5.0,0.0,0.66,NRS_CA-11468,40.16099682,-120.5078306,Compliant
NARS_WQX-NRS_CA-11475,Nitrate,1,0,0.606,10.0,0.0,0.06,NRS_CA-11475,37.78380028,-121.3041111,Compliant
NARS_WQX-NRS_CA-11475,Turbidity,1,0,4.7,5.0,0.0,0.94,NRS_CA-11475,37.78380028,-121.3041111,Compliant
NARS_WQX-NRS_CA-11479,Nitrate,1,0,0.082,10.0,0.0,0.01,NRS_CA-11479,38.58326102,-121.4227398,Compliant
NARS_WQX-NRS_CA-11479,Turbidity,1,0,0.74,5.0,0.0,0.15,NRS_CA-11479,38.58326102,-121.4227398,Compliant
NARS_WQX-NRS_CA-11489,Nitrate,1,0,0.053,10.0,0.0,0.01,NRS_CA-11489,38.78690907,-120.194265,Compliant
NARS_WQX-NRS_CA-11489,Turbidity,1,0,1.4,5.0,0.0,0.28,NRS_CA-11489,38.78690907,-120.194265,Compliant
NARS_WQX-NRS_CA-11490,Nitrate,1,0,0.007,10.0,0.0,0.0,NRS_CA-11490,40.34779462,-123.9310293,Compliant
NARS_WQX-NRS_CA-11490,Turbidity,1,0,0.01,5.0,0.0,0.0,NRS_CA-11490,40.34779462,-123.9310293,Compliant
NARS_WQX-NRS_CA-11493,Nitrate,1,0,0.148,10.0,0.0,0.01,NRS_CA-11493,40.36183526,-122.1825362,Compliant
NARS_WQX-NRS_CA-11493,Turbidity,1,0,2.7,5.0,0.0,0.54,NRS_CA-11493,40.36183526,-122.1825362,Compliant
NARS_WQX-NRS_CA-11498,Nitrate,1,0,0.034,10.0,0.0,0.0,NRS_CA-11498,40.61812635,-124.2327994,Compliant
NARS_WQX-NRS_CA-11498,Turbidity,1,0,0.9,5.0,0.0,0.18,NRS_CA-11498,40.61812635,-124.2327994,Compliant
NARS_WQX-NRS_CA-11502,Nitrate,1,0,0.003,10.0,0.0,0.0,NRS_CA-11502,41.58266059,-123.5229331,Compliant
NARS_WQX-NRS_CA-11502,Turbidity,1,0,0.64,5.0,0.0,0.13,NRS_CA-11502,41.58266059,-123.5229331,Compliant
OVIWC-LP-SS-1,Arsenic,1,0,0.001,0.01,0.0,0.1,LP-SS-1 Lone Pine Creek - Sandtrap Diversion,36.59846,-118.07673,Compliant
OVIWC-LP-SS-1,Copper,1,0,0.001,1.3,0.0,0.0,LP-SS-1 Lone Pine Creek - Sandtrap Diversion,36.59846,-118.07673,Compliant
OVIWC-LP-SS-1,Fluoride,1,0,0.05,4.0,0.0,0.01,LP-SS-1 Lone Pine Creek - Sandtrap Diversion,36.59846,-118.07673,Compliant
OVIWC-LP-SS-1,Lead,1,0,0.001,0.015,0.0,0.07,LP-SS-1 Lone Pine Creek - Sandtrap Diversion,36.59846,-118.07673,Compliant
OVIWC-LP-SS-1,Nitrate,1,0,0.25,10.0,0.0,0.02,LP-SS-1 Lone Pine Creek - Sandtrap Diversion,36.59846,-118.07673,Compliant
OVIWC-LP-SS-1,Turbidity,9,8,134.3,5.0,88.89,26.86,LP-SS-1 Lone Pine Creek - Sandtrap Diversion,36.59846,-118.07673,Critical
OVIWC-LP-SS-1,Uranium,1,0,0.005,30.0,0.0,0.0,LP-SS-1 Lone Pine Creek - Sandtrap Diversion,36.59846,-118.07673,Compliant
OVIWC-LP-SS-2,Arsenic,1,1,0.033,0.01,100.0,3.3,LP-SS-2 LPPSR Irrigation Intake,36.59634,-118.006635,Exceedant
OVIWC-LP-SS-2,Copper,1,0,0.028,1.3,0.0,0.02,LP-SS-2 LPPSR Irrigation Intake,36.59634,-118.006635,Compliant
OVIWC-LP-SS-2,Fluoride,1,0,0.5,4.0,0.0,0.12,LP-SS-2 LPPSR Irrigation Intake,36.59634,-118.006635,Compliant
OVIWC-LP-SS-2,Lead,1,0,0.002,0.015,0.0,0.13,LP-SS-2 LPPSR Irrigation Intake,36.59634,-118.006635,Compliant
OVIWC-LP-SS-2,Nitrate,1,0,0.25,10.0,0.0,0.02,LP-SS-2 LPPSR Irrigation Intake,36.59634,-118.006635,Compliant
OVIWC-LP-SS-2,Turbidity,5,4,40.91,5.0,80.0,8.18,LP-SS-2 LPPSR Irrigation Intake,36.59634,-118.006635,Critical
OVIWC-LP-SS-2,Uranium,1,0,0.004,30.0,0.0,0.0,LP-SS-2 LPPSR Irrigation Intake,36.59634,-118.006635,Compliant
OVIWC-LP-SS-3,Arsenic,1,1,0.034,0.01,100.0,3.4,LP-SS-3 LA Aqueduct Diversion,36.60029,-118.07224,Exceedant
OVIWC-LP-SS-3,Copper,1,0,0.002,1.3,0.0,0.0,LP-SS-3 LA Aqueduct Diversion,36.60029,-118.07224,Compliant
OVIWC-LP-SS-3,Fluoride,1,0,0.5,4.0,0.0,0.12,LP-SS-3 LA Aqueduct Diversion,36.60029,-118.07224,Compliant
OVIWC-LP-SS-3,Lead,1,0,0.001,0.015,0.0,0.07,LP-SS-3 LA Aqueduct Diversion,36.60029,-118.07224,Compliant
OVIWC-LP-SS-3,Nitrate,1,0,0.25,10.0,0.0,0.02,LP-SS-3 LA Aqueduct Diversion,36.60029,-118.07224,Compliant
OVIWC-LP-SS-3,Turbidity,8,7,48.9,5.0,87.5,9.78,LP-SS-3 LA Aqueduct Diversion,36.60029,-118.07224,Critical
OVIWC-LP-SS-3,Uranium,1,0,0.004,30.0,0.0,0.0,LP-SS-3 LA Aqueduct Diversion,36.60029,-118.07224,Compliant
OVIWC-LP-SS-4,Arsenic,1,0,0.01,0.01,0.0,1.0,LP-SS-4 SAR Upstream,36.59682,-118.06322,Compliant
OVIWC-LP-SS-4,Copper,1,0,0.001,1.3,0.0,0.0,LP-SS-4 SAR Upstream,36.59682,-118.06322,Compliant
OVIWC-LP-SS-4,Fluoride,1,0,0.2,4.0,0.0,0.05,LP-SS-4 SAR Upstream,36.59682,-118.06322,Compliant
OVIWC-LP-SS-4,Lead,1,0,0.001,0.015,0.0,0.07,LP-SS-4 SAR Upstream,36.59682,-118.06322,Compliant
OVIWC-LP-SS-4,Nitrate,1,0,0.07,10.0,0.0,0.01,LP-SS-4 SAR Upstream,36.59682,-118.06322,Compliant
OVIWC-LP-SS-4,Turbidity,8,7,115.73,5.0,87.5,23.15,LP-SS-4 SAR Upstream,36.59682,-118.06322,Critical
OVIWC-LP-SS-4,Uranium,1,0,0.006,30.0,0.0,0.0,LP-SS-4 SAR Upstream,36.59682,-118.06322,Compliant
OVIWC-LP-SS-5,Arsenic,1,0,0.01,0.01,0.0,1.0,LP-SS-5 SAR Downstream,36.59391,-118.06009,Compliant
OVIWC-LP-SS-5,Copper,1,0,0.001,1.3,0.0,0.0,LP-SS-5 SAR Downstream,36.59391,-118.06009,Compliant
OVIWC-LP-SS-5,Fluoride,1,0,0.2,4.0,0.0,0.05,LP-SS-5 SAR Downstream,36.59391,-118.06009,Compliant
OVIWC-LP-SS-5,Lead,1,1,0.05,0.015,100.0,3.33,LP-SS-5 SAR Downstream,36.59391,-118.06009,Exceedant
OVIWC-LP-SS-5,Nitrate,1,0,0.06,10.0,0.0,0.01,LP-SS-5 SAR Downstream,36.59391,-118.06009,Compliant
OVIWC-LP-SS-5,Turbidity,8,6,108.76,5.0,75.0,21.75,LP-SS-5 SAR Downstream,36.59391,-118.06009,Critical
OVIWC-LP-SS-5,Uranium,1,0,0.005,30.0,0.0,0.0,LP-SS-5 SAR Downstream,36.59391,-118.06009,Compliant
PAUMATRIBE-PC,Turbidity,3,3,64.7,5.0,100.0,12.94,Pauma Creek,33.3382,-116.9699,Critical
PPNPROGRAM-SS0,Arsenic,1,0,0.005,0.01,0.0,0.5,Under Bridge,39.1046,-123.1237,Compliant
PPNPROGRAM-SS0,Copper,1,0,0.05,1.3,0.0,0.04,Under Bridge,39.1046,-123.1237,Compliant
PPNPROGRAM-SS0,Lead,1,1,0.025,0.015,100.0,1.67,Under Bridge,39.1046,-123.1237,Exceedant
PPNPROGRAM-SS0,Mercury,1,0,0.0005,0.002,0.0,0.25,Under Bridge,39.1046,-123.1237,Compliant
PPNPROGRAM-SS0,Nitrate,1,0,0.1,10.0,0.0,0.01,Under Bridge,39.1046,-123.1237,Compliant
PPNPROGRAM-SS0,Selenium,1,0,0.01,0.05,0.0,0.2,Under Bridge,39.1046,-123.1237,Compliant
PPNPROGRAM-SS2,Arsenic,1,0,0.005,0.01,0.0,0.5,Williams Property,39.1054,-123.1254,Compliant
PPNPROGRAM-SS2,Copper,1,0,0.05,1.3,0.0,0.04,Williams Property,39.1054,-123.1254,Compliant
PPNPROGRAM-SS2,Lead,1,1,0.025,0.015,100.0,1.67,Williams Property,39.1054,-123.1254,Exceedant
PPNPROGRAM-SS2,Mercury,1,0,0.0005,0.002,0.0,0.25,Williams Property,39.1054,-123.1254,Compliant
PPNPROGRAM-SS2,Nitrate,1,0,0.1,10.0,0.0,0.01,Williams Property,39.1054,-123.1254,Compliant
PPNPROGRAM-SS2,Selenium,1,0,0.01,0.05,0.0,0.2,Williams Property,39.1054,-123.1254,Compliant
PPNPROGRAM-SS2,Turbidity,1,0,0.027796935,5.0,0.0,0.01,Williams Property,39.1054,-123.1254,Compliant
PPNPROGRAM-SS7,Arsenic,1,0,0.01,0.01,0.0,1.0,Pond #1,39.55,-123.4384,Compliant
PPNPROGRAM-SS7,Copper,1,0,0.025,1.3,0.0,0.02,Pond #1,39.55,-123.4384,Compliant
PPNPROGRAM-SS7,Lead,1,0,0.01,0.015,0.0,0.67,Pond #1,39.55,-123.4384,Compliant
PPNPROGRAM-SS7,Mercury,1,0,0.0005,0.002,0.0,0.25,Pond #1,39.55,-123.4384,Compliant
PPNPROGRAM-SS7,Nitrate,1,0,1.9,10.0,0.0,0.19,Pond #1,39.55,-123.4384,Compliant
PPNPROGRAM-SS7,Selenium,1,0,0.01,0.05,0.0,0.2,Pond #1,39.55,-123.4384,Compliant
PPNPROGRAM-SS7,Turbidity,1,1,23.0,5.0,100.0,4.6,Pond #1,39.55,-123.4384,Exceedant
PPNPROGRAM-SS8,Arsenic,1,0,0.005,0.01,0.0,0.5,Pond #2,39.55,-123.4384,Compliant
PPNPROGRAM-SS8,Copper,1,0,0.05,1.3,0.0,0.04,Pond #2,39.55,-123.4384,Compliant
PPNPROGRAM-SS8,Lead,1,1,0.025,0.015,100.0,1.67,Pond #2,39.55,-123.4384,Exceedant
PPNPROGRAM-SS8,Mercury,1,0,0.0005,0.002,0.0,0.25,Pond #2,39.55,-123.4384,Compliant
PPNPROGRAM-SS8,Nitrate,1,0,1.8,10.0,0.0,0.18,Pond #2,39.55,-123.4384,Compliant
PPNPROGRAM-SS8,Selenium,1,0,0.01,0.05,0.0,0.2,Pond #2,39.55,-123.4384,Compliant
PPNPROGRAM-SS8,Turbidity,1,1,21.0,5.0,100.0,4.2,Pond #2,39.55,-123.4384,Exceedant
PPNPROGRAM-SS9,Arsenic,1,0,0.005,0.01,0.0,0.5,Orr Springs Bridge,39.180632,-123.23418,Compliant
PPNPROGRAM-SS9,Copper,1,0,0.05,1.3,0.0,0.04,Orr Springs Bridge,39.180632,-123.23418,Compliant
PPNPROGRAM-SS9,Lead,1,1,0.025,0.015,100.0,1.67,Orr Springs Bridge,39.180632,-123.23418,Exceedant
PPNPROGRAM-SS9,Mercury,1,0,0.0005,0.002,0.0,0.25,Orr Springs Bridge,39.180632,-123.23418,Compliant
PPNPROGRAM-SS9,Nitrate,1,0,0.1,10.0,0.0,0.01,Orr Springs Bridge,39.180632,-123.23418,Compliant
PPNPROGRAM-SS9,Selenium,1,0,0.025,0.05,0.0,0.5,Orr Springs Bridge,39.180632,-123.23418,Compliant
QUECHAN_WQX-CRD04,Turbidity,4,0,3.7,5.0,0.0,0.74,Colorado River Downstream,32.72294,-114.7178,Compliant
QUECHAN_WQX-CRR06,Turbidity,3,1,7.4,5.0,33.33,1.48,Duplicate of CRD04,32.72294,-114.7178,Exceedant
QUECHAN_WQX-CRU01,Turbidity,4,0,3.9,5.0,0.0,0.78,Colorado River Upstream,32.82225,-114.5061,Compliant
QVIR-BLCK,Turbidity,7,1,8.63,5.0,14.29,1.73,Scott River at Black Bridge,41.517275,-122.850832,Exceedant
QVIR-MICR,Turbidity,6,0,2.35,5.0,0.0,0.47,Mill Creek,41.56047,-122.97052,Compliant
QVIR-SHFL,Turbidity,7,0,0.99,5.0,0.0,0.2,Shackleford Creek at Falls,41.3526,-123.0003,Compliant
QVIR-SHMI,Turbidity,3,0,0.45,5.0,0.0,0.09,Shackleford/Mill Creek,41.62331,-122.96566,Compliant
QVIR-SNCR,Turbidity,7,0,4.8,5.0,0.0,0.96,Sniktaw Creek (lower),41.37048,-122.5843,Compliant
QVIR-SREF,Turbidity,5,0,1.03,5.0,0.0,0.21,Scott River East Fork,41.18243,-122.47469,Compliant
QVIR-SRES,Turbidity,3,0,0.52,5.0,0.0,0.1,Shackleford at Reservation,41.3536,-122.583,Compliant
QVIR-SRGA,Turbidity,6,0,3.08,5.0,0.0,0.62,Scott River at Gaging Station,41.3824,-123.005,Compliant
QVIR-SRSF,Turbidity,7,1,8.03,5.0,14.29,1.61,Scott River South Fork,41.1628,-122.51498,Exceedant
QVIR-TOWN,Turbidity,6,0,2.44,5.0,0.0,0.49,Townsend Gulch Scott River,41.687344,-123.08389,Compliant
QVIR-UPSN,Turbidity,4,1,16.2,5.0,25.0,3.24,Upper Sniktaw Creek,41.59785,-122.99623,Exceedant
RREPA_WQX-R-1,Turbidity,7,4,965.8,5.0,57.14,193.16,Klamath River,41.3107,-124.0038,Critical
RREPA_WQX-R-2,Turbidity,7,5,3304.0,5.0,71.43,660.8,Klamath River,41.31,-124.0166,Critical
RREPA_WQX-S-1,Turbidity,6,5,1806.0,5.0,83.33,361.2,Waukell Creek,41.511,-124.0277,Critical
RREPA_WQX-S-2,Turbidity,2,2,97.76,5.0,100.0,19.55,Unnamed Creek #1,41.5123,-124.0239,Critical
RREPA_WQX-S-3,Turbidity,6,5,2454.0,5.0,83.33,490.8,Junior Creek,41.5118,-124.0195,Critical
RREPA_WQX-S-4,Turbidity,5,4,2402.0,5.0,80.0,480.4,Unnamed Stream #1,41.5137,-124.0139,Critical
SANPASQUAL-SW-03,Arsenic,2,0,0.0015,0.01,0.0,0.15,Lower Woods Valley Creek,33.20488,-116.9888,Compliant
SANPASQUAL-SW-03,Copper,2,0,0.0029,1.3,0.0,0.0,Lower Woods Valley Creek,33.20488,-116.9888,Compliant
SANPASQUAL-SW-03,Selenium,2,0,0.0039,0.05,0.0,0.08,Lower Woods Valley Creek,33.20488,-116.9888,Compliant
SANPASQUAL-SW-03,Turbidity,2,2,44.0,5.0,100.0,8.8,Lower Woods Valley Creek,33.20488,-116.9888,Critical
SANPASQUAL-SW-06,Arsenic,1,0,0.0,0.01,0.0,0.0,Upper Paradise Creek,33.21712,-116.963,Compliant
SANPASQUAL-SW-06,Copper,1,0,0.0,1.3,0.0,0.0,Upper Paradise Creek,33.21712,-116.963,Compliant
SANPASQUAL-SW-06,Selenium,1,0,0.0,0.05,0.0,0.0,Upper Paradise Creek,33.21712,-116.963,Compliant
SANPASQUAL-SW-06,Turbidity,1,1,48.0,5.0,100.0,9.6,Upper Paradise Creek,33.21712,-116.963,Critical
SANPASQUAL-SW-07,Arsenic,1,0,0.00062,0.01,0.0,0.06,Lower Paradise Creek,33.2147,-116.9648,Compliant
SANPASQUAL-SW-07,Copper,1,0,0.0043,1.3,0.0,0.0,Lower Paradise Creek,33.2147,-116.9648,Compliant
SANPASQUAL-SW-07,Selenium,1,0,0.0025,0.05,0.0,0.05,Lower Paradise Creek,33.2147,-116.9648,Compliant
SANPASQUAL-SW-07,Turbidity,1,1,14.0,5.0,100.0,2.8,Lower Paradise Creek,33.2147,-116.9648,Exceedant
SIR_WQX-SW-WBC-LR1,Arsenic,5,0,0.0025,0.01,0.0,0.25,West Barry Creek LR1,40.431,-120.656,Compliant
SIR_WQX-SW-WBC-LR1,Copper,5,0,0.02,1.3,0.0,0.02,West Barry Creek LR1,40.431,-120.656,Compliant
SIR_WQX-SW-WBC-LR1,Lead,5,0,0.00125,0.015,0.0,0.08,West Barry Creek LR1,40.431,-120.656,Compliant
SIR_WQX-SW-WBC-LR1,Mercury,5,0,0.000225,0.002,0.0,0.11,West Barry Creek LR1,40.431,-120.656,Compliant
SIR_WQX-SW-WBC-LR1,Nitrate,5,0,0.22,10.0,0.0,0.02,West Barry Creek LR1,40.431,-120.656,Compliant
SIR_WQX-SW-WBC-LR1,Selenium,5,0,0.0025,0.05,0.0,0.05,West Barry Creek LR1,40.431,-120.656,Compliant
SIR_WQX-SW-WBC-LR1,Turbidity,6,1,6.1,5.0,16.67,1.22,West Barry Creek LR1,40.431,-120.656,Exceedant
SIR_WQX-SW-WBC-LR2,Arsenic,4,1,0.014,0.01,25.0,1.4,West Barry Creek LR2,40.429,-120.656,Exceedant
SIR_WQX-SW-WBC-LR2,Copper,4,0,0.02,1.3,0.0,0.02,West Barry Creek LR2,40.429,-120.656,Compliant
SIR_WQX-SW-WBC-LR2,Lead,4,0,0.011,0.015,0.0,0.73,West Barry Creek LR2,40.429,-120.656,Compliant
SIR_WQX-SW-WBC-LR2,Mercury,4,0,0.000225,0.002,0.0,0.11,West Barry Creek LR2,40.429,-120.656,Compliant
SIR_WQX-SW-WBC-LR2,Nitrate,4,0,0.56,10.0,0.0,0.06,West Barry Creek LR2,40.429,-120.656,Compliant
SIR_WQX-SW-WBC-LR2,Selenium,4,0,0.0025,0.05,0.0,0.05,West Barry Creek LR2,40.429,-120.656,Compliant
SIR_WQX-SW-WBC-LR2,Turbidity,4,0,4.2,5.0,0.0,0.84,West Barry Creek LR2,40.429,-120.656,Compliant
SOBOBA_WQX-IC2,Arsenic,4,0,0.0041,0.01,0.0,0.41,Indian Creek 2nd Crossing,33.46397,-116.5096,Compliant
SOBOBA_WQX-IC2,Copper,2,0,0.005,1.3,0.0,0.0,Indian Creek 2nd Crossing,33.46397,-116.5096,Compliant
SOBOBA_WQX-IC2,Lead,2,0,0.0025,0.015,0.0,0.17,Indian Creek 2nd Crossing,33.46397,-116.5096,Compliant
SOBOBA_WQX-IC2,Mercury,2,0,0.0001,0.002,0.0,0.05,Indian Creek 2nd Crossing,33.46397,-116.5096,Compliant
SOBOBA_WQX-IC2,Nitrate,2,0,0.1,10.0,0.0,0.01,Indian Creek 2nd Crossing,33.46397,-116.5096,Compliant
SOBOBA_WQX-IC2,Selenium,2,0,0.0025,0.05,0.0,0.05,Indian Creek 2nd Crossing,33.46397,-116.5096,Compliant
SOBOBA_WQX-IC2,Turbidity,12,6,39.72,5.0,50.0,7.94,Indian Creek 2nd Crossing,33.46397,-116.5096,Critical
SOBOBA_WQX-PCC,Turbidity,4,4,54.49,5.0,100.0,10.9,Poppet Creek Crossing,33.474,-116.5305,Critical
SRR_WQX-LC-1,Nitrate,18,0,1.8,10.0,0.0,0.18,Lopez Creek 1,41.95822,-124.199,Compliant
SRR_WQX-LC-2,Nitrate,19,0,1.8,10.0,0.0,0.18,Lopez Creek 2,41.95827,-124.1998,Compliant
SVR-OSVR1,Turbidity,4,1,7.26,5.0,25.0,1.45,Dead Cow Creek 1,39.5344,-123.4851,Exceedant
SVR-OSVR2,Turbidity,4,1,8.84,5.0,25.0,1.77,Dead Cow Creek 2 Tributary,39.53585,-123.48939,Exceedant
SVR-OSVR3,Turbidity,4,1,7.98,5.0,25.0,1.6,Dead Cow Creek 3,39.53992,-123.48709,Exceedant
SVR-OSVR4,Turbidity,4,0,4.19,5.0,0.0,0.84,Dead Cow Creek 4,39.54578,-123.49062,Compliant
SVR-OSVR6,Turbidity,4,1,5.92,5.0,25.0,1.18,Dead Cow Creek 6,39.54632,-123.49238,Exceedant
SVR-SVRE1,Turbidity,4,2,11.85,5.0,50.0,2.37,Davis Creek Tributary Downstream,39.39894,-123.30289,Exceedant
SVR-SVRE2,Turbidity,5,3,12.18,5.0,60.0,2.44,Davis Creek Tributary Upstream,39.40051,-123.29971,Exceedant
SVR-SVRW 6,Turbidity,4,2,12.54,5.0,50.0,2.51,Kawi Creek Downstream,39.3949,-123.36071,Exceedant
SVR-SVRW1,Turbidity,4,2,17.88,5.0,50.0,3.58,Baechtel Tributary Downstream,39.39576,-123.36098,Exceedant
SVR-SVRW2,Turbidity,5,2,18.0,5.0,40.0,3.6,Baechtel Tributary Upstream,39.39463,-123.36432,Exceedant
SVR-SVRW3,Turbidity,3,1,11.76,5.0,33.33,2.35,Kawi Creek Upstream,39.39167,-123.36433,Exceedant
SVR-eel 2,Turbidity,9,2,122.91,5.0,22.22,24.58,eel river downstream from bridge,39.62769,-123.34439,Critical
SVR-eel1,Turbidity,10,3,139.87,5.0,30.0,27.97,eel river upstream from bridge,39.6262,-123.34431,Critical
SVR-outlet 2,Turbidity,8,1,15.14,5.0,12.5,3.03,outlet creek convergence with mill creek,39.42845,-123.34562,Exceedant
SVR-outlet 3,Turbidity,8,2,15.4,5.0,25.0,3.08,outlet creek cattle cross 1,39.43225,-123.3455,Exceedant
SVR-outlet 4,Turbidity,8,1,14.09,5.0,12.5,2.82,outlet creek near hog trap,39.43463,-123.34579,Exceedant
SVR-outlet 5,Turbidity,5,2,19.87,5.0,40.0,3.97,outlet creek cattle crossing2,39.44209,-123.34579,Exceedant
SVR-outlet 6,Turbidity,9,2,32.33,5.0,22.22,6.47,outlet creek convergence with long valley creek,39.55274,-123.42502,Critical
SYCEO_WQX-ZDC-3,Arsenic,2,0,0.0049,0.01,0.0,0.49,Zanja de Cota Creek Mid-point,34.6066167,-120.0898667,Compliant
SYCEO_WQX-ZDC-3,Copper,2,0,0.014,1.3,0.0,0.01,Zanja de Cota Creek Mid-point,34.6066167,-120.0898667,Compliant
SYCEO_WQX-ZDC-3,Fluoride,2,0,0.171,4.0,0.0,0.04,Zanja de Cota Creek Mid-point,34.6066167,-120.0898667,Compliant
SYCEO_WQX-ZDC-3,Lead,2,0,0.00255,0.015,0.0,0.17,Zanja de Cota Creek Mid-point,34.6066167,-120.0898667,Compliant
SYCEO_WQX-ZDC-3,Nitrate,4,2,35.7,10.0,50.0,3.57,Zanja de Cota Creek Mid-point,34.6066167,-120.0898667,Exceedant
SYCEO_WQX-ZDC-3,Selenium,2,0,0.00425,0.05,0.0,0.08,Zanja de Cota Creek Mid-point,34.6066167,-120.0898667,Compliant
SYCEO_WQX-ZDC-3,Turbidity,4,3,112.1,5.0,75.0,22.42,Zanja de Cota Creek Mid-point,34.6066167,-120.0898667,Critical
SYCEO_WQX-ZDC-5,Arsenic,2,0,0.00387,0.01,0.0,0.39,Zanja de Cota Creek West Fork Upstream,34.6096333,-120.0870333,Compliant
SYCEO_WQX-ZDC-5,Copper,2,0,0.0145,1.3,0.0,0.01,Zanja de Cota Creek West Fork Upstream,34.6096333,-120.0870333,Compliant
SYCEO_WQX-ZDC-5,Fluoride,2,0,0.111,4.0,0.0,0.03,Zanja de Cota Creek West Fork Upstream,34.6096333,-120.0870333,Compliant
SYCEO_WQX-ZDC-5,Lead,2,0,0.00308,0.015,0.0,0.21,Zanja de Cota Creek West Fork Upstream,34.6096333,-120.0870333,Compliant
SYCEO_WQX-ZDC-5,Nitrate,4,2,33.0,10.0,50.0,3.3,Zanja de Cota Creek West Fork Upstream,34.6096333,-120.0870333,Exceedant
SYCEO_WQX-ZDC-5,Selenium,2,0,0.00144,0.05,0.0,0.03,Zanja de Cota Creek West Fork Upstream,34.6096333,-120.0870333,Compliant
SYCEO_WQX-ZDC-5,Turbidity,1,1,126.5,5.0,100.0,25.3,Zanja de Cota Creek West Fork Upstream,34.6096333,-120.0870333,Critical
SYCEO_WQX-ZDC-7,Arsenic,4,0,0.00474,0.01,0.0,0.47,Zanja de Cota Creek Downstream,34.5934167,-120.0937167,Compliant
SYCEO_WQX-ZDC-7,Copper,4,0,0.0127,1.3,0.0,0.01,Zanja de Cota Creek Downstream,34.5934167,-120.0937167,Compliant
SYCEO_WQX-ZDC-7,Fluoride,4,0,0.2,4.0,0.0,0.05,Zanja de Cota Creek Downstream,34.5934167,-120.0937167,Compliant
SYCEO_WQX-ZDC-7,Lead,4,0,0.00172,0.015,0.0,0.11,Zanja de Cota Creek Downstream,34.5934167,-120.0937167,Compliant
SYCEO_WQX-ZDC-7,Mercury,2,0,1e-05,0.002,0.0,0.0,Zanja de Cota Creek Downstream,34.5934167,-120.0937167,Compliant
SYCEO_WQX-ZDC-7,Nitrate,8,4,50.0,10.0,50.0,5.0,Zanja de Cota Creek Downstream,34.5934167,-120.0937167,Exceedant
SYCEO_WQX-ZDC-7,Selenium,4,0,0.021,0.05,0.0,0.42,Zanja de Cota Creek Downstream,34.5934167,-120.0937167,Compliant
SYCEO_WQX-ZDC-7,Turbidity,10,4,52.7,5.0,40.0,10.54,Zanja de Cota Creek Downstream,34.5934167,-120.0937167,Critical
SYCEO_WQX-ZDC-8,Arsenic,2,0,0.003,0.01,0.0,0.3,Zanja de Cota Creek East Fork Upstream,34.60745,-120.0887167,Compliant
SYCEO_WQX-ZDC-8,Copper,2,0,0.00794,1.3,0.0,0.01,Zanja de Cota Creek East Fork Upstream,34.60745,-120.0887167,Compliant
SYCEO_WQX-ZDC-8,Fluoride,2,0,0.095,4.0,0.0,0.02,Zanja de Cota Creek East Fork Upstream,34.60745,-120.0887167,Compliant
SYCEO_WQX-ZDC-8,Lead,2,0,0.00195,0.015,0.0,0.13,Zanja de Cota Creek East Fork Upstream,34.60745,-120.0887167,Compliant
SYCEO_WQX-ZDC-8,Nitrate,4,0,9.4,10.0,0.0,0.94,Zanja de Cota Creek East Fork Upstream,34.60745,-120.0887167,Compliant
SYCEO_WQX-ZDC-8,Selenium,2,0,0.000585,0.05,0.0,0.01,Zanja de Cota Creek East Fork Upstream,34.60745,-120.0887167,Compliant
SYCEO_WQX-ZDC-8,Turbidity,1,1,125.4,5.0,100.0,25.08,Zanja de Cota Creek East Fork Upstream,34.60745,-120.0887167,Critical
SYCEO_WQX-ZDC-9,Turbidity,1,1,5.2,5.0,100.0,1.04,Zanja de Cota Creek Upstream of Hwy 246 Culvert,34.61015,-120.08703,Exceedant
TABLEMOUNTAINRANCHERIA_WQX-BSW1,Nitrate,1,0,1.2,10.0,0.0,0.12,AREA B SURFACE WATER SAMPLING SITE 1,36.98643,-119.6348,Compliant
TABLEMOUNTAINRANCHERIA_WQX-BSW2,Arsenic,1,0,0.0024,0.01,0.0,0.24,AREA B SURFACE WATER SAMPLING SITE 2,36.98596,-119.637,Compliant
TABLEMOUNTAINRANCHERIA_WQX-BSW2,Nitrate,1,0,0.9,10.0,0.0,0.09,AREA B SURFACE WATER SAMPLING SITE 2,36.98596,-119.637,Compliant
TABLEMOUNTAINRANCHERIA_WQX-BSW3,Arsenic,1,0,0.0021,0.01,0.0,0.21,AREA B SURFACE WATER SAMPLING SITE 3,36.98345,-119.6411,Compliant
TABLEMOUNTAINRANCHERIA_WQX-BSW3,Nitrate,1,0,2.7,10.0,0.0,0.27,AREA B SURFACE WATER SAMPLING SITE 3,36.98345,-119.6411,Compliant
TEPA29-SW-1D,Arsenic,1,0,0.01,0.01,0.0,1.0,Surface Water Site # 1D,33.71675,-116.195,Compliant
TEPA29-SW-1D,Copper,1,0,0.005,1.3,0.0,0.0,Surface Water Site # 1D,33.71675,-116.195,Compliant
TEPA29-SW-1D,Fluoride,8,0,0.25,4.0,0.0,0.06,Surface Water Site # 1D,33.71675,-116.195,Compliant
TEPA29-SW-1D,Lead,1,0,0.01,0.015,0.0,0.67,Surface Water Site # 1D,33.71675,-116.195,Compliant
TEPA29-SW-1D,Nitrate,8,1,11.0,10.0,12.5,1.1,Surface Water Site # 1D,33.71675,-116.195,Exceedant
TEPA29-SW-1D,Selenium,1,0,0.01,0.05,0.0,0.2,Surface Water Site # 1D,33.71675,-116.195,Compliant
TEPA29-SW-1D,Turbidity,4,0,2.37377512,5.0,0.0,0.47,Surface Water Site # 1D,33.71675,-116.195,Compliant
TEPA29-SW-1F,Fluoride,4,0,0.25,4.0,0.0,0.06,Surface Water Site # 1F,33.717253,-116.194546,Compliant
TEPA29-SW-1F,Nitrate,4,0,6.1,10.0,0.0,0.61,Surface Water Site # 1F,33.717253,-116.194546,Compliant
TEPA29-SW-1F,Turbidity,3,0,2.479239329,5.0,0.0,0.5,Surface Water Site # 1F,33.717253,-116.194546,Compliant
TEPA29-SW-3,Arsenic,1,0,0.01,0.01,0.0,1.0,Surface Water Site # 3,33.715208,-116.192261,Compliant
TEPA29-SW-3,Copper,1,0,0.005,1.3,0.0,0.0,Surface Water Site # 3,33.715208,-116.192261,Compliant
TEPA29-SW-3,Fluoride,6,0,0.25,4.0,0.0,0.06,Surface Water Site # 3,33.715208,-116.192261,Compliant
TEPA29-SW-3,Lead,1,0,0.01,0.015,0.0,0.67,Surface Water Site # 3,33.715208,-116.192261,Compliant
TEPA29-SW-3,Nitrate,6,1,12.0,10.0,16.67,1.2,Surface Water Site # 3,33.715208,-116.192261,Exceedant
TEPA29-SW-3,Selenium,1,0,0.01,0.05,0.0,0.2,Surface Water Site # 3,33.715208,-116.192261,Compliant
TEPA29-SW-3,Turbidity,3,0,3.959732766,5.0,0.0,0.79,Surface Water Site # 3,33.715208,-116.192261,Compliant
TEPA29-SW-5,Fluoride,3,0,0.25,4.0,0.0,0.06,Surface Water Site # 5,33.706659,-116.182842,Compliant
TEPA29-SW-5,Nitrate,3,0,3.7,10.0,0.0,0.37,Surface Water Site # 5,33.706659,-116.182842,Compliant
TEPA29-SW-5,Turbidity,2,1,6.794013006,5.0,50.0,1.36,Surface Water Site # 5,33.706659,-116.182842,Exceedant
TRINIDADRANCHERIAEPA-MH-1,Nitrate,2,0,0.5,10.0,0.0,0.05,Mckinleyville Housing -1,40.979964,-124.092161,Compliant
TRINIDADRANCHERIAEPA-MH-1,Turbidity,11,1,5.7,5.0,9.09,1.14,Mckinleyville Housing -1,40.979964,-124.092161,Exceedant
TRINIDADRANCHERIAEPA-MH-2,Nitrate,2,0,1.7,10.0,0.0,0.17,Mckinleyville Housing -2,40.981199,-124.089999,Compliant
TRINIDADRANCHERIAEPA-MH-2,Turbidity,12,2,7.2,5.0,16.67,1.44,Mckinleyville Housing -2,40.981199,-124.089999,Exceedant
TRINIDADRANCHERIAEPA-MH-3,Nitrate,2,0,1.2,10.0,0.0,0.12,Mckinleyville Housing -3,40.979328,-124.088358,Compliant
TRINIDADRANCHERIAEPA-MH-3,Turbidity,11,2,9.22,5.0,18.18,1.84,Mckinleyville Housing -3,40.979328,-124.088358,Exceedant
TRINIDADRANCHERIAEPA-TH-1,Nitrate,3,0,0.19,10.0,0.0,0.02,Trinidad Housing-1,41.056369,-124.133541,Compliant
TRINIDADRANCHERIAEPA-TH-1,Turbidity,11,4,22.0,5.0,36.36,4.4,Trinidad Housing-1,41.056369,-124.133541,Exceedant
TRINIDADRANCHERIAEPA-TH-10,Nitrate,2,0,0.49,10.0,0.0,0.05,Trinidad Housing-10,41.052213,-124.13137,Compliant
TRINIDADRANCHERIAEPA-TH-10,Turbidity,11,8,59.8,5.0,72.73,11.96,Trinidad Housing-10,41.052213,-124.13137,Critical
TRINIDADRANCHERIAEPA-TH-2,Nitrate,2,0,0.17,10.0,0.0,0.02,Trinidad Housing-2,41.057227,-124.131623,Compliant
TRINIDADRANCHERIAEPA-TH-2,Turbidity,11,2,14.8,5.0,18.18,2.96,Trinidad Housing-2,41.057227,-124.131623,Exceedant
TRINIDADRANCHERIAEPA-TH-6,Nitrate,2,0,0.58,10.0,0.0,0.06,Trinidad Housing-6,41.054279,-124.128448,Compliant
TRINIDADRANCHERIAEPA-TH-6,Turbidity,11,5,12.0,5.0,45.45,2.4,Trinidad Housing-6,41.054279,-124.128448,Exceedant
TRINIDADRANCHERIAEPA-TH-7,Arsenic,1,0,0.0005,0.01,0.0,0.05,Trinidad Housing-7,41.053833,-124.130402,Compliant
TRINIDADRANCHERIAEPA-TH-7,Copper,1,0,0.0032,1.3,0.0,0.0,Trinidad Housing-7,41.053833,-124.130402,Compliant
TRINIDADRANCHERIAEPA-TH-7,Lead,1,0,0.0005,0.015,0.0,0.03,Trinidad Housing-7,41.053833,-124.130402,Compliant
TRINIDADRANCHERIAEPA-TH-7,Mercury,1,0,0.0005,0.002,0.0,0.25,Trinidad Housing-7,41.053833,-124.130402,Compliant
TRINIDADRANCHERIAEPA-TH-7,Nitrate,1,0,0.5,10.0,0.0,0.05,Trinidad Housing-7,41.053833,-124.130402,Compliant
TRINIDADRANCHERIAEPA-TH-7,Selenium,1,0,0.0005,0.05,0.0,0.01,Trinidad Housing-7,41.053833,-124.130402,Compliant
TRINIDADRANCHERIAEPA-TH-7,Turbidity,9,7,17.5,5.0,77.78,3.5,Trinidad Housing-7,41.053833,-124.130402,Exceedant
TRINIDADRANCHERIAEPA-TH-8,Nitrate,2,0,0.6,10.0,0.0,0.06,Trinidad Housing-8,41.053789,-124.130304,Compliant
TRINIDADRANCHERIAEPA-TH-8,Turbidity,11,5,15.3,5.0,45.45,3.06,Trinidad Housing-8,41.053789,-124.130304,Exceedant
TRINIDADRANCHERIAEPA-WH-2,Nitrate,2,0,2.9,10.0,0.0,0.29,Westhaven Housing-2,41.054761,-124.125924,Compliant
TRINIDADRANCHERIAEPA-WH-2,Turbidity,11,5,36.2,5.0,45.45,7.24,Westhaven Housing-2,41.054761,-124.125924,Critical
USGS-09427520,Arsenic,2,0,0.0027,0.01,0.0,0.27,"COLORADO RIVER BELOW PARKER DAM, AZ-CA",34.29557035,-114.140225,Compliant
USGS-09427520,Copper,4,0,0.0083,1.3,0.0,0.01,"COLORADO RIVER BELOW PARKER DAM, AZ-CA",34.29557035,-114.140225,Compliant
USGS-09427520,Fluoride,4,0,0.42,4.0,0.0,0.1,"COLORADO RIVER BELOW PARKER DAM, AZ-CA",34.29557035,-114.140225,Compliant
USGS-09427520,Lead,4,0,0.00029,0.015,0.0,0.02,"COLORADO RIVER BELOW PARKER DAM, AZ-CA",34.29557035,-114.140225,Compliant
USGS-09427520,Mercury,2,2,0.0025,0.002,100.0,1.25,"COLORADO RIVER BELOW PARKER DAM, AZ-CA",34.29557035,-114.140225,Exceedant
USGS-09427520,Selenium,2,0,0.0021,0.05,0.0,0.04,"COLORADO RIVER BELOW PARKER DAM, AZ-CA",34.29557035,-114.140225,Compliant
USGS-09429100,Fluoride,1,0,0.42,4.0,0.0,0.1,"COLORADO RIVER BELOW PALO VERDE DAM, AZ-CA",33.71946626,-114.4980105,Compliant
USGS-09429490,Fluoride,10,0,0.49,4.0,0.0,0.12,"COLORADO RIVER ABOVE IMPERIAL DAM, AZ-CA",32.8849361,-114.468111,Compliant
USGS-09429490,Nitrate,10,0,0.394,10.0,0.0,0.04,"COLORADO RIVER ABOVE IMPERIAL DAM, AZ-CA",32.8849361,-114.468111,Compliant
USGS-10256000,Arsenic,1,0,0.00018,0.01,0.0,0.02,WHITEWATER R A WHITE WATER CA,33.9466806,-116.6408473,Compliant
USGS-10256000,Fluoride,1,0,0.69,4.0,0.0,0.17,WHITEWATER R A WHITE WATER CA,33.9466806,-116.6408473,Compliant
USGS-10256000,Nitrate,2,0,0.632482494,10.0,0.0,0.06,WHITEWATER R A WHITE WATER CA,33.9466806,-116.6408473,Compliant
USGS-10256500,Arsenic,1,0,0.00012,0.01,0.0,0.01,SNOW C NR WHITE WATER CA,33.8705722,-116.681127,Compliant
USGS-10256500,Fluoride,1,0,0.05,4.0,0.0,0.01,SNOW C NR WHITE WATER CA,33.8705722,-116.681127,Compliant
USGS-10256500,Nitrate,2,0,0.085,10.0,0.0,0.01,SNOW C NR WHITE WATER CA,33.8705722,-116.681127,Compliant
USGS-10257720,Arsenic,1,1,0.05,0.01,100.0,5.0,CHINO CYN C BL TRAMWAY NR PALM SPRINGS CA,33.84385,-116.6058083,Exceedant
USGS-10257720,Fluoride,1,0,0.07,4.0,0.0,0.02,CHINO CYN C BL TRAMWAY NR PALM SPRINGS CA,33.84385,-116.6058083,Compliant
USGS-10257720,Nitrate,2,0,0.515021459,10.0,0.0,0.05,CHINO CYN C BL TRAMWAY NR PALM SPRINGS CA,33.84385,-116.6058083,Compliant
USGS-10260500,Arsenic,5,0,0.0039,0.01,0.0,0.39,DEEP C NR HESPERIA CA,34.34305858,-117.2264316,Compliant
USGS-10260500,Fluoride,5,0,1.57,4.0,0.0,0.39,DEEP C NR HESPERIA CA,34.34305858,-117.2264316,Compliant
USGS-10260500,Nitrate,12,0,0.0885,10.0,0.0,0.01,DEEP C NR HESPERIA CA,34.34305858,-117.2264316,Compliant
USGS-10260950,Arsenic,5,0,0.0024,0.01,0.0,0.24,WF MOJAVE R AB MOJAVE R FORKS RES NR HESPERIA CA,34.33889196,-117.2578213,Compliant
USGS-10260950,Fluoride,5,0,0.21,4.0,0.0,0.05,WF MOJAVE R AB MOJAVE R FORKS RES NR HESPERIA CA,34.33889196,-117.2578213,Compliant
USGS-10260950,Nitrate,12,0,0.565,10.0,0.0,0.06,WF MOJAVE R AB MOJAVE R FORKS RES NR HESPERIA CA,34.33889196,-117.2578213,Compliant
USGS-10261500,Arsenic,6,0,0.0035,0.01,0.0,0.35,MOJAVE R A LO NARROWS NR VICTORVILLE CA,34.57304916,-117.3206018,Compliant
USGS-10261500,Fluoride,6,0,0.46,4.0,0.0,0.12,MOJAVE R A LO NARROWS NR VICTORVILLE CA,34.57304916,-117.3206018,Compliant
USGS-10261500,Nitrate,14,0,0.490173933,10.0,0.0,0.05,MOJAVE R A LO NARROWS NR VICTORVILLE CA,34.57304916,-117.3206018,Compliant
USGS-10336610,Turbidity,19,6,26.0,5.0,31.58,5.2,"UPPER TRUCKEE RV AT SOUTH LAKE TAHOE, CA",38.9224078,-119.9915706,Critical
USGS-10336645,Turbidity,16,0,4.1,5.0,0.0,0.82,GENERAL C NR MEEKS BAY CA,39.05185197,-120.1185209,Compliant
USGS-10336660,Turbidity,16,2,7.8,5.0,12.5,1.56,BLACKWOOD C NR TAHOE CITY CA,39.10740708,-120.1621352,Exceedant
USGS-10336676,Turbidity,16,2,7.9,5.0,12.5,1.58,WARD C AT HWY 89 NR TAHOE PINES CA,39.1321292,-120.1576913,Exceedant
USGS-10336780,Turbidity,4,2,5.9,5.0,50.0,1.18,"TROUT CK NR TAHOE VALLEY, CA",38.9199077,-119.9724036,Exceedant
USGS-10336790,Turbidity,18,6,12.0,5.0,33.33,2.4,TROUT C A SOUTH LAKE TAHOE CA,38.93213,-119.9787926,Exceedant
USGS-10343500,Fluoride,13,0,0.03,4.0,0.0,0.01,SAGEHEN C NR TRUCKEE CA,39.43157246,-120.2379793,Compliant
USGS-10343500,Nitrate,16,0,0.036,10.0,0.0,0.0,SAGEHEN C NR TRUCKEE CA,39.43157246,-120.2379793,Compliant
USGS-11074000,Arsenic,17,0,0.004,0.01,0.0,0.4,SANTA ANA R BL PRADO DAM CA,33.88334875,-117.6453296,Compliant
USGS-11074000,Fluoride,17,0,0.57,4.0,0.0,0.14,SANTA ANA R BL PRADO DAM CA,33.88334875,-117.6453296,Compliant
USGS-11074000,Nitrate,24,0,2.394398012,10.0,0.0,0.24,SANTA ANA R BL PRADO DAM CA,33.88334875,-117.6453296,Compliant
USGS-11074000,Selenium,17,0,0.00055,0.05,0.0,0.01,SANTA ANA R BL PRADO DAM CA,33.88334875,-117.6453296,Compliant
USGS-11074000,Turbidity,16,12,530.0,5.0,75.0,106.0,SANTA ANA R BL PRADO DAM CA,33.88334875,-117.6453296,Critical
USGS-11147070,Arsenic,1,0,0.00046,0.01,0.0,0.05,SANTA RITA C NR TEMPLETON CA,35.5238612,-120.7660077,Compliant
USGS-11147070,Copper,1,0,0.0011,1.3,0.0,0.0,SANTA RITA C NR TEMPLETON CA,35.5238612,-120.7660077,Compliant
USGS-11147070,Fluoride,1,0,0.13,4.0,0.0,0.03,SANTA RITA C NR TEMPLETON CA,35.5238612,-120.7660077,Compliant
USGS-11147070,Lead,1,0,4.6e-05,0.015,0.0,0.0,SANTA RITA C NR TEMPLETON CA,35.5238612,-120.7660077,Compliant
USGS-11147070,Nitrate,2,0,0.100293653,10.0,0.0,0.01,SANTA RITA C NR TEMPLETON CA,35.5238612,-120.7660077,Compliant
USGS-11147070,Selenium,1,0,0.0022,0.05,0.0,0.04,SANTA RITA C NR TEMPLETON CA,35.5238612,-120.7660077,Compliant
USGS-11147070,Uranium,1,0,0.000399,30.0,0.0,0.0,SANTA RITA C NR TEMPLETON CA,35.5238612,-120.7660077,Compliant
USGS-11147098,Arsenic,1,0,0.00089,0.01,0.0,0.09,PASO ROBLES C A GARCIA RD NR TEMPLETON CA,35.52613889,-120.7138583,Compliant
USGS-11147098,Copper,1,0,0.0018,1.3,0.0,0.0,PASO ROBLES C A GARCIA RD NR TEMPLETON CA,35.52613889,-120.7138583,Compliant
USGS-11147098,Fluoride,1,0,0.22,4.0,0.0,0.06,PASO ROBLES C A GARCIA RD NR TEMPLETON CA,35.52613889,-120.7138583,Compliant
USGS-11147098,Lead,1,0,0.01,0.015,0.0,0.67,PASO ROBLES C A GARCIA RD NR TEMPLETON CA,35.52613889,-120.7138583,Compliant
USGS-11147098,Nitrate,2,0,0.085,10.0,0.0,0.01,PASO ROBLES C A GARCIA RD NR TEMPLETON CA,35.52613889,-120.7138583,Compliant
USGS-11147098,Selenium,1,0,0.0071,0.05,0.0,0.14,PASO ROBLES C A GARCIA RD NR TEMPLETON CA,35.52613889,-120.7138583,Compliant
USGS-11147098,Uranium,1,0,0.00548,30.0,0.0,0.0,PASO ROBLES C A GARCIA RD NR TEMPLETON CA,35.52613889,-120.7138583,Compliant
USGS-11173200,Arsenic,26,0,0.004,0.01,0.0,0.4,ARROYO HONDO NR SAN JOSE CA,37.46160337,-121.769397,Compliant
USGS-11173200,Copper,26,0,0.7,1.3,0.0,0.54,ARROYO HONDO NR SAN JOSE CA,37.46160337,-121.769397,Compliant
USGS-11173200,Fluoride,14,0,0.11,4.0,0.0,0.03,ARROYO HONDO NR SAN JOSE CA,37.46160337,-121.769397,Compliant
USGS-11173200,Lead,26,2,0.0219,0.015,7.69,1.46,ARROYO HONDO NR SAN JOSE CA,37.46160337,-121.769397,Exceedant
USGS-11173200,Nitrate,28,0,0.877,10.0,0.0,0.09,ARROYO HONDO NR SAN JOSE CA,37.46160337,-121.769397,Compliant
USGS-11173200,Selenium,26,0,0.00042,0.05,0.0,0.01,ARROYO HONDO NR SAN JOSE CA,37.46160337,-121.769397,Compliant
USGS-11173200,Turbidity,32,30,1180.0,5.0,93.75,236.0,ARROYO HONDO NR SAN JOSE CA,37.46160337,-121.769397,Critical
USGS-11173200,Uranium,13,0,0.000157,30.0,0.0,0.0,ARROYO HONDO NR SAN JOSE CA,37.46160337,-121.769397,Compliant
USGS-11206820,Fluoride,12,0,0.02,4.0,0.0,0.0,MARBLE FORK KAWEAH R AB HORSE C NR LODGEPOLE CA,36.61166667,-118.7016667,Compliant
USGS-11206820,Nitrate,12,0,0.130562458,10.0,0.0,0.01,MARBLE FORK KAWEAH R AB HORSE C NR LODGEPOLE CA,36.61166667,-118.7016667,Compliant
USGS-11264500,Fluoride,13,0,0.04,4.0,0.0,0.01,MERCED R A HAPPY ISLES BRIDGE NR YOSEMITE CA,37.73131496,-119.5590514,Compliant
USGS-11264500,Nitrate,18,0,0.024,10.0,0.0,0.0,MERCED R A HAPPY ISLES BRIDGE NR YOSEMITE CA,37.73131496,-119.5590514,Compliant
USGS-11303500,Arsenic,15,0,0.0017,0.01,0.0,0.17,SAN JOAQUIN R NR VERNALIS CA,37.6760406,-121.2663293,Compliant
USGS-11303500,Fluoride,15,0,0.09,4.0,0.0,0.02,SAN JOAQUIN R NR VERNALIS CA,37.6760406,-121.2663293,Compliant
USGS-11303500,Nitrate,26,0,0.874181161,10.0,0.0,0.09,SAN JOAQUIN R NR VERNALIS CA,37.6760406,-121.2663293,Compliant
USGS-11303500,Selenium,15,0,0.00028,0.05,0.0,0.01,SAN JOAQUIN R NR VERNALIS CA,37.6760406,-121.2663293,Compliant
USGS-11303500,Turbidity,14,14,170.0,5.0,100.0,34.0,SAN JOAQUIN R NR VERNALIS CA,37.6760406,-121.2663293,Critical
USGS-11311300,Nitrate,6,0,0.992,10.0,0.0,0.1,TURNER CUT NR HOLT CA,37.9925,-121.4538889,Compliant
USGS-11312674,Nitrate,6,0,0.182064604,10.0,0.0,0.02,MIDDLE R A BORDEN HWY NR TRACY CA,37.89159208,-121.4899492,Compliant
USGS-11312676,Nitrate,26,0,2.597695957,10.0,0.0,0.26,MIDDLE R AT MIDDLE RIVER CA,37.9427017,-121.5341175,Compliant
USGS-11312685,Nitrate,6,0,0.219110007,10.0,0.0,0.02,MIDDLE R NR HOLT CA,38.00305556,-121.5108333,Compliant
USGS-11313250,Nitrate,6,0,0.945,10.0,0.0,0.09,OLD R A CLIFTON COURT FERRY CA,37.82437145,-121.5524492,Compliant
USGS-11313325,Nitrate,6,0,0.169,10.0,0.0,0.02,OLD R A INDIAN SLOUGH CA,37.914369,-121.5655064,Compliant
USGS-11313405,Nitrate,18,0,0.189067088,10.0,0.0,0.02,OLD R A BACON ISLAND CA,37.96992306,-121.572174,Compliant
USGS-11313440,Nitrate,2,0,0.086,10.0,0.0,0.01,FALSE R NR OAKLEY CA,38.0558333,-121.6669444,Compliant
USGS-11313460,Nitrate,6,0,0.214,10.0,0.0,0.02,SAN JOAQUIN R A PRISONERS PT NR TERMINOUS CA,38.05944444,-121.5572222,Compliant
USGS-11336685,Nitrate,6,0,0.194036594,10.0,0.0,0.02,N MOKELUMNE NR WALNUT GROVE CA,38.2233333,-121.5072222,Compliant
USGS-11336790,Nitrate,18,0,0.762,10.0,0.0,0.08,LITTLE POTATO SLOUGH A TERMINOUS CA,38.09638889,-121.496111,Compliant
USGS-11337190,Nitrate,38,0,1.34,10.0,0.0,0.13,SAN JOAQUIN R A JERSEY POINT CA,38.0521424,-121.6888428,Compliant
USGS-11447540,Nitrate,4,0,0.137339056,10.0,0.0,0.01,SACRAMENTO R A PIER A WEST SACRAMENTO CA,38.56831667,-121.5205694,Compliant
USGS-11447650,Arsenic,13,0,0.0014,0.01,0.0,0.14,SACRAMENTO R A FREEPORT CA,38.45566389,-121.5016167,Compliant
USGS-11447650,Fluoride,13,0,0.06,4.0,0.0,0.02,SACRAMENTO R A FREEPORT CA,38.45566389,-121.5016167,Compliant
USGS-11447650,Nitrate,42,0,0.669,10.0,0.0,0.07,SACRAMENTO R A FREEPORT CA,38.45566389,-121.5016167,Compliant
USGS-11447650,Selenium,13,0,0.00022,0.05,0.0,0.0,SACRAMENTO R A FREEPORT CA,38.45566389,-121.5016167,Compliant
USGS-11447650,Turbidity,14,13,120.0,5.0,92.86,24.0,SACRAMENTO R A FREEPORT CA,38.45566389,-121.5016167,Critical
USGS-11447890,Nitrate,18,0,0.655071154,10.0,0.0,0.07,SACRAMENTO R AB DELTA CROSS CHANNEL CA,38.25769218,-121.5182865,Compliant
USGS-11448750,Turbidity,8,7,320.0,5.0,87.5,64.0,SF SCOTTS C NR LAKEPORT CA,39.04027778,-122.9833056,Critical
USGS-11448800,Turbidity,9,8,410.0,5.0,88.89,82.0,SCOTTS C BL SF SCOTTS C NR LAKEPORT CA,39.04194444,-122.9808333,Critical
USGS-11449235,Mercury,38,15,0.565,0.002,39.47,282.5,CLOVER C BYPASS A ELK MTN RD NR UPPER LAKE CA,39.17577778,-122.9028889,Critical
USGS-11449235,Turbidity,5,5,79.0,5.0,100.0,15.8,CLOVER C BYPASS A ELK MTN RD NR UPPER LAKE CA,39.17577778,-122.9028889,Critical
USGS-11449255,Mercury,38,15,0.245,0.002,39.47,122.5,SCOTTS C AB STATE ROUTE 29 A UPPER LAKE CA,39.1576361,-122.9207333,Critical
USGS-11449255,Turbidity,6,6,92.0,5.0,100.0,18.4,SCOTTS C AB STATE ROUTE 29 A UPPER LAKE CA,39.1576361,-122.9207333,Critical
USGS-11449370,Mercury,28,11,0.45,0.002,39.29,225.0,MOLESWORTH C NR CLEARLAKE CA,38.93894444,-122.6288889,Critical
USGS-11449370,Turbidity,8,8,480.0,5.0,100.0,96.0,MOLESWORTH C NR CLEARLAKE CA,38.93894444,-122.6288889,Critical
USGS-11449500,Turbidity,10,7,91.0,5.0,70.0,18.2,KELSEY C NR KELSEYVILLE CA,38.92739984,-122.8436046,Critical
USGS-11449820,Mercury,43,17,0.274,0.002,39.53,137.0,COLE C A KELSEYVILLE CA,38.97932778,-122.8305778,Critical
USGS-11449820,Turbidity,10,10,220.0,5.0,100.0,44.0,COLE C A KELSEYVILLE CA,38.97932778,-122.8305778,Critical
USGS-11451800,Nitrate,6,0,0.527,10.0,0.0,0.05,CACHE C A RUMSEY CA,38.8898988,-122.2383082,Compliant
USGS-11451800,Turbidity,10,8,1210.0,5.0,80.0,242.0,CACHE C A RUMSEY CA,38.8898988,-122.2383082,Critical
USGS-11452500,Nitrate,6,0,0.69,10.0,0.0,0.07,CACHE C A YOLO CA,38.727126,-121.8071874,Compliant
USGS-11452500,Turbidity,10,9,650.0,5.0,90.0,130.0,CACHE C A YOLO CA,38.727126,-121.8071874,Critical
USGS-11452800,Nitrate,4,0,0.4,10.0,0.0,0.04,CACHE C OVERFLOW WEIR FROM SETTLING BAS NR WOOD'LD,38.68268185,-121.6730164,Compliant
USGS-11452800,Turbidity,6,6,930.0,5.0,100.0,186.0,CACHE C OVERFLOW WEIR FROM SETTLING BAS NR WOOD'LD,38.68268185,-121.6730164,Critical
USGS-11452900,Nitrate,6,0,0.601,10.0,0.0,0.06,CACHE C OUTFLOW FROM SETTLING BASIN NR WOODLAND CA,38.67851526,-121.6727386,Compliant
USGS-11452900,Turbidity,10,10,900.0,5.0,100.0,180.0,CACHE C OUTFLOW FROM SETTLING BASIN NR WOODLAND CA,38.67851526,-121.6727386,Critical
USGS-11453590,Fluoride,22,0,0.07,4.0,0.0,0.02,POPE C A WALTER SPRINGS CA,38.6469722,-122.365825,Compliant
USGS-11453590,Nitrate,40,0,0.842557036,10.0,0.0,0.08,POPE C A WALTER SPRINGS CA,38.6469722,-122.365825,Compliant
USGS-11453590,Turbidity,21,18,200.0,5.0,85.71,40.0,POPE C A WALTER SPRINGS CA,38.6469722,-122.365825,Critical
USGS-11455095,Nitrate,14,0,0.366,10.0,0.0,0.04,SACRAMENTO R DEEP WATER SHIP CHANNEL NR FREEPORT,38.47686944,-121.5836417,Compliant
USGS-11455140,Nitrate,22,0,0.565,10.0,0.0,0.06,TOE DRAIN A LIBERTY ISLAND NR COURTLAND CA,38.34916667,-121.6447222,Compliant
USGS-11455142,Nitrate,16,0,0.415631353,10.0,0.0,0.04,SACRAMENTO R DEEP WATER SHIP CHANNEL NR COURTLAND,38.34166667,-121.6438889,Compliant
USGS-11455276,Nitrate,16,0,0.484,10.0,0.0,0.05,SHAG SLOUGH A LIBERTY ISLAND NR COURTLAND CA,38.3078583,-121.6924278,Compliant
USGS-11455315,Nitrate,38,0,0.65733002,10.0,0.0,0.07,CACHE SLOUGH A S LIBERTY ISLAND NR RIO VISTA CA,38.2430111,-121.684286,Compliant
USGS-11455385,Nitrate,18,0,0.706,10.0,0.0,0.07,CACHE SLOUGH AB RYER ISLAND FERRY NR RIO VISTA CA,38.19395556,-121.6580028,Compliant
USGS-11455420,Nitrate,6,0,0.25751073,10.0,0.0,0.03,SACRAMENTO R A RIO VISTA CA,38.14904444,-121.6889444,Compliant
USGS-11455485,Nitrate,32,0,0.824486108,10.0,0.0,0.08,SACRAMENTO R BL TOLAND LANDING NR RIO VISTA CA,38.0778083,-121.767286,Compliant
USGS-324329114430001,Copper,1,1,5.0,1.3,100.0,3.85,Colorado River at 500 m below MODE II Outfall,32.72485833,-114.7167972,Exceedant
USGS-354052120562301,Arsenic,1,0,0.00067,0.01,0.0,0.07,LAS TABLAS C NR LAKE NACIMIENTO CA,35.68117778,-120.9398556,Compliant
USGS-354052120562301,Copper,1,0,0.0019,1.3,0.0,0.0,LAS TABLAS C NR LAKE NACIMIENTO CA,35.68117778,-120.9398556,Compliant
USGS-354052120562301,Fluoride,1,0,0.15,4.0,0.0,0.04,LAS TABLAS C NR LAKE NACIMIENTO CA,35.68117778,-120.9398556,Compliant
USGS-354052120562301,Lead,1,0,7.1e-05,0.015,0.0,0.0,LAS TABLAS C NR LAKE NACIMIENTO CA,35.68117778,-120.9398556,Compliant
USGS-354052120562301,Nitrate,2,0,0.143,10.0,0.0,0.01,LAS TABLAS C NR LAKE NACIMIENTO CA,35.68117778,-120.9398556,Compliant
USGS-354052120562301,Selenium,1,0,0.0019,0.05,0.0,0.04,LAS TABLAS C NR LAKE NACIMIENTO CA,35.68117778,-120.9398556,Compliant
USGS-354052120562301,Uranium,1,0,0.00191,30.0,0.0,0.0,LAS TABLAS C NR LAKE NACIMIENTO CA,35.68117778,-120.9398556,Compliant
USGS-375649121202101,Nitrate,6,0,0.770273323,10.0,0.0,0.08,SAN JOAQUIN R NR STOCKTON CA,37.94686848,-121.3402249,Compliant
USGS-375706121201001,Nitrate,8,0,0.304,10.0,0.0,0.03,SAN JOAQUIN R AB MCCOY AVE NR STOCKTON CA,37.95173889,-121.3361694,Compliant
USGS-375709121190301,Nitrate,6,0,1.07,10.0,0.0,0.11,PORT OF STOCKTON NR STOCKTON CA,37.9524,-121.3175,Compliant
USGS-375711121182001,Nitrate,2,0,1.06,10.0,0.0,0.11,SAN JOAQUIN R A MORMON SLOUGH A STOCKTON CA,37.95318056,-121.3055306,Compliant
USGS-375826121314201,Nitrate,4,0,0.139,10.0,0.0,0.01,MILDRED ISLAND SITE 2.4 NR ORWOOD CA,37.97388889,-121.5283333,Compliant
USGS-375827121311401,Nitrate,4,0,0.142,10.0,0.0,0.01,MILDRED ISLAND SITE 1.4 NR ORWOOD CA,37.97416667,-121.5205556,Compliant
USGS-375831121223701,Nitrate,6,0,1.111362096,10.0,0.0,0.11,SAN JOAQUIN R A BUCKLEY COVE NR STOCKTON CA,37.97527778,-121.3769444,Compliant
USGS-375910121311201,Nitrate,4,0,0.136,10.0,0.0,0.01,MILDRED ISLAND SITE 1.5 NR ORWOOD CA,37.9861111,-121.52,Compliant
USGS-375916121313301,Nitrate,4,0,0.132,10.0,0.0,0.01,MILDRED ISLAND SITE 2.5 NR ORWOOD CA,37.98777778,-121.5258333,Compliant
USGS-375944121252301,Nitrate,4,0,0.300429185,10.0,0.0,0.03,SAN JOAQUIN R A WINDMILL COVE RD NR HOLT CA,37.99418056,-121.4143667,Compliant
USGS-375944121310401,Nitrate,4,0,0.129,10.0,0.0,0.01,MILDRED ISLAND SITE 1.1 NR ORWOOD CA,37.99555556,-121.5177778,Compliant
USGS-375950121311701,Nitrate,4,0,0.13,10.0,0.0,0.01,MILDRED ISLAND SITE 2.1 NR ORWOOD CA,37.9972222,-121.5213889,Compliant
USGS-380035121324801,Nitrate,4,0,0.106166704,10.0,0.0,0.01,DELTA RMP CENT-025,38.00963056,-121.5467806,Compliant
USGS-380124121312501,Nitrate,4,0,0.127174159,10.0,0.0,0.01,MIDDLE R A COULUMBIA CUT NR TERMINOUS CA,38.0169111,-121.5184778,Compliant
USGS-380131121280501,Nitrate,6,0,0.45177321,10.0,0.0,0.05,SAN JOAQUIN R A TINSLEY ISLAND NR TERMINOUS CA,38.03908889,-121.4927778,Compliant
USGS-380144121363701,Nitrate,6,0,0.789,10.0,0.0,0.08,FRANKS TRACT SITE 2.5 NR BETHEL ISLAND CA,38.02888889,-121.6102778,Compliant
USGS-380152121361901,Nitrate,6,0,0.777049921,10.0,0.0,0.08,FRANKS TRACT SITE 2.4 NR BETHEL ISLAND CA,38.0311111,-121.6052778,Compliant
USGS-380214121353901,Nitrate,6,0,0.81770951,10.0,0.0,0.08,FRANKS TRACT SITE 2.2 NR BETHEL ISLAND CA,38.0372222,-121.5941667,Compliant
USGS-380215121352101,Nitrate,6,0,0.782,10.0,0.0,0.08,FRANKS TRACT SITE 2.1 NR BETHEL ISLAND CA,38.0375,-121.5891667,Compliant
USGS-380216121370301,Nitrate,6,0,0.772532189,10.0,0.0,0.08,FRANKS TRACT SITE 1.5 NR BETHEL ISLAND CA,38.03777778,-121.6175,Compliant
USGS-380217121290301,Nitrate,4,0,0.070250734,10.0,0.0,0.01,DISAPPOINTMENT SLOUGH NR TERMINOUS CA,38.03818056,-121.48415,Compliant
USGS-380227121364301,Nitrate,6,0,0.751,10.0,0.0,0.08,FRANKS TRACT SITE 1.4 NR BETHEL ISLAND CA,38.0408333,-121.6119444,Compliant
USGS-380232121241801,Nitrate,6,0,0.147,10.0,0.0,0.01,FOURTEENMILE SLOUGH NR TERMINOUS CA,38.04221944,-121.405,Compliant
USGS-380236121343201,Nitrate,4,0,0.068,10.0,0.0,0.01,OLD R AB QUIMBY ISLAND NR BETHEL ISLAND CA,38.04338889,-121.5755389,Compliant
USGS-380239121374401,Nitrate,6,0,0.768014457,10.0,0.0,0.08,FRANKS TRACT SITE 0.5 NR BETHEL ISLAND CA,38.04416667,-121.6288889,Compliant
USGS-380247121353501,Nitrate,6,0,0.770273323,10.0,0.0,0.08,FRANKS TRACT SITE 1.2 NR BETHEL ISLAND CA,38.04638889,-121.5930556,Compliant
USGS-380250121351301,Nitrate,6,0,0.811,10.0,0.0,0.08,FRANKS TRACT SITE 1.1 NR BETHEL ISLAND CA,38.0472222,-121.5869444,Compliant
USGS-380250121370201,Nitrate,6,0,0.772532189,10.0,0.0,0.08,FRANKS TRACT SITE 0.4 NR BETHEL ISLAND CA,38.0472222,-121.6172222,Compliant
USGS-380300121344801,Nitrate,6,0,0.128303592,10.0,0.0,0.01,OLD R A FRANKS TRACT NR BETHEL ISLAND CA,38.05,-121.58,Compliant
USGS-380300121374901,Nitrate,2,0,0.057,10.0,0.0,0.01,FALSE R A WEBB TRACT NR BETHEL ISLAND CA,38.05003056,-121.6302,Compliant
USGS-380315121355301,Nitrate,6,0,0.757,10.0,0.0,0.08,FRANKS TRACT SITE 0.2 NR BETHEL ISLAND CA,38.05416667,-121.5980556,Compliant
USGS-380325121322701,Nitrate,4,0,0.12,10.0,0.0,0.01,MANDEVILLE CUT NR TERMINOUS CA,38.056975,-121.5407694,Compliant
USGS-380333121351301,Nitrate,6,0,0.748,10.0,0.0,0.07,FRANKS TRACT SITE 0.1 NR BETHEL ISLAND CA,38.05916667,-121.5869444,Compliant
USGS-380433121341501,Nitrate,6,0,0.127,10.0,0.0,0.01,SAN JOAQUIN R A WEBB TRACT NR TERMINOUS CA,38.0757,-121.5708889,Compliant
USGS-380504121405601,Nitrate,6,0,0.147278066,10.0,0.0,0.01,SAN JOAQUIN R BL THREEMILE SLOUGH NR RIO VISTA CA,38.08456389,-121.6823306,Compliant
USGS-380514121383801,Nitrate,4,0,0.116557488,10.0,0.0,0.01,SAN JOAQUIN R AB FISHERMANS CUT NR RIO VISTA CA,38.08733056,-121.6439694,Compliant
USGS-380548121390501,Nitrate,26,0,5.714931105,10.0,0.0,0.57,TWITCHELL ISLAND DR A PUMP STATION NR RIO VISTA CA,38.09661389,-121.6512444,Compliant
USGS-380604121334701,Nitrate,6,0,0.124011746,10.0,0.0,0.01,DELTA RMP NORT-023,38.1011472,-121.5629833,Compliant
USGS-380640121405701,Nitrate,6,0,0.171,10.0,0.0,0.02,THREEMILE SLOUGH A TWITCHELL ISLAND NR RIO VISTA,38.1111,-121.682561,Compliant
USGS-380711121323401,Nitrate,26,0,4.16,10.0,0.0,0.42,STATEN ISLAND DRAIN NR TERMINOUS CA,38.1198,-121.5428972,Compliant
USGS-380749121344701,Nitrate,6,0,0.247,10.0,0.0,0.02,GEORGIANA SLOUGH A TYLER ISLAND RD NR ISLETON CA,38.13028056,-121.5797,Compliant
USGS-380831121281201,Nitrate,6,0,0.015,10.0,0.0,0.0,SYCAMORE SLOUGH NR TERMINOUS CA,38.142,-121.47,Compliant
USGS-380831121301301,Nitrate,12,0,0.051050373,10.0,0.0,0.01,S MOKELUMNE R A SYCAMORE SLOUGH NR TERMINOUS CA,38.1419611,-121.5036889,Compliant
USGS-380837121333401,Nitrate,10,0,0.192229501,10.0,0.0,0.02,N MOKELUMNE R A TYLER ISLAND RD NR ISELTON CA,38.14366944,-121.5595389,Compliant
USGS-380904121353601,Nitrate,4,0,0.307205783,10.0,0.0,0.03,GEORGIANA SLOUGH A OXBOW MARINA DRIVE NR ISLETON,38.1511111,-121.5933333,Compliant
USGS-380931121410501,Nitrate,2,0,0.153,10.0,0.0,0.02,SACRAMENTO R BL HWY 12 BRIDGE NR RIO VISTA CA,38.15856389,-121.6846194,Compliant
USGS-381330121332401,Nitrate,10,0,0.230404337,10.0,0.0,0.02,DELTA RMP SACR-028,38.22488056,-121.556725,Compliant
USGS-381459120501601,Nitrate,2,0,0.001129433,10.0,0.0,0.0,PARDEE RESERVOIR SOUTH ARM A CAMP PARDEE CA,38.24980278,-120.837711,Compliant
USGS-381540121445301,Nitrate,6,0,0.088321663,10.0,0.0,0.01,DELTA RMP YOLO-003,38.26105,-121.748,Compliant
USGS-381627121395101,Nitrate,4,0,0.144341541,10.0,0.0,0.01,PROSPECT SLOUGH A PROSPECT ISLAND NR RYDE CA,38.27425,-121.6641667,Compliant
USGS-381638120491501,Nitrate,2,0,0.001,10.0,0.0,0.0,NF MOKELUMNE A MCAFEE GULCH R NR PALOMA CA,38.27710278,-120.8208,Compliant
USGS-381719120481301,Nitrate,2,0,0.002,10.0,0.0,0.0,NF MOKELUMNE R A FRENCH BAR NR PALOMA CA,38.2886611,-120.8037167,Compliant
USGS-382010121402301,Nitrate,6,0,0.092387621,10.0,0.0,0.01,LIBERTY ISLAND A UPPER STAIR STEP NR FIVE POINTS C,38.33616667,-121.672925,Compliant
USGS-382205121311300,Nitrate,6,0,0.231,10.0,0.0,0.02,SACRAMENTO R A HOOD CA,38.3679666,-121.5213432,Compliant
USGS-384115121402501,Nitrate,4,0,0.508244861,10.0,0.0,0.05,CACHE C OVERFLOW WEIR AT N ABUTMENT NR WOODLAND CA,38.6875,-121.673611,Compliant
USGS-384115121402501,Turbidity,6,6,620.0,5.0,100.0,124.0,CACHE C OVERFLOW WEIR AT N ABUTMENT NR WOODLAND CA,38.6875,-121.673611,Critical
USGS-384524121040101,Nitrate,2,0,0.002,10.0,0.0,0.0,SF AMERICAN R A SALMON FALLS NR EL DORADO HILLS,38.7566111,-121.0670806,Compliant
USGS-384857121054301,Nitrate,2,0,0.001129433,10.0,0.0,0.0,NF AMERICAN R NR PILOT HILL CA,38.8158333,-121.0952778,Compliant
USGS-385444122363801,Turbidity,1,1,6.3,5.0,100.0,1.26,SEIGLER CANYON A ORCHARD ST A LOWER LAKE CA,38.91234167,-122.6106194,Exceedant
USGS-385638122533201,Turbidity,1,0,3.0,5.0,0.0,0.6,ADOBE C BL ADOBE RES NR KELSEYVILLE CA,38.9438,-122.8922694,Compliant
USGS-385653122540901,Turbidity,1,1,9.4,5.0,100.0,1.88,HIGHLAND C A E HIGHLAND SP RD BR NR KELSEYVILLE CA,38.94798056,-122.9025389,Exceedant
USGS-385725122532801,Turbidity,5,5,38.0,5.0,100.0,7.6,ADOBE C NR HIGHLAND SPRINGS CA,38.95701667,-122.8911167,Critical
USGS-385745122385201,Turbidity,1,0,1.1,5.0,0.0,0.22,BURNS VALLEY C A KABAL ST A CLEARLAKE HIGHLANDS CA,38.96236389,-122.6478583,Compliant
USGS-385843122503501,Turbidity,2,0,4.2,5.0,0.0,0.84,KELSEY C BL BIG VALLEY RD BR A KELSEYVILLE CA,38.97861389,-122.8430972,Compliant
USGS-385908122491101,Turbidity,1,1,9.6,5.0,100.0,1.92,COLE C A CLARK DR BR NR KELSEYVILLE CA,38.98555,-122.8196306,Exceedant
USGS-390030122502101,Mercury,46,19,3.64,0.002,41.3,1820.0,KELSEY C AB SODA BAY RD BR NR KELSEYVILLE CA,39.0084,-122.8392167,Critical
USGS-390030122502101,Turbidity,8,5,76.0,5.0,62.5,15.2,KELSEY C AB SODA BAY RD BR NR KELSEYVILLE CA,39.0084,-122.8392167,Critical
USGS-390053122521401,Turbidity,1,0,4.2,5.0,0.0,0.84,ADOBE C AB SODA BAY RD BR A LAKEPORT CA,39.0146361,-122.8706583,Compliant
USGS-390054122521501,Turbidity,4,4,37.0,5.0,100.0,7.4,ADOBE C A SODA BAY RD NR FINLEY CA,39.01506667,-122.8707722,Critical
USGS-390140122395401,Turbidity,1,0,1.9,5.0,0.0,0.38,SCHINDLER C AB HIGHWAY 20 A CLEARLAKE OAKS CA,39.0278972,-122.6650583,Compliant
USGS-390544122574201,Turbidity,5,3,160.0,5.0,60.0,32.0,SCOTTS C AB EICKHOFF RD BRIDGE NR LAKEPORT CA,39.0956,-122.9616472,Critical
USGS-390707122531101,Turbidity,1,1,5.1,5.0,100.0,1.02,RODMAN SLOUGH AB NICE-LUCRENE CUTOFF RD A NICE CA,39.11864444,-122.8862722,Exceedant
USGS-390924122553201,Turbidity,1,1,6.8,5.0,100.0,1.36,SCOTTS C A TULE LAKE A UPPER LAKE CA,39.15669444,-122.92565,Exceedant
USGS-390943122543801,Turbidity,1,0,2.8,5.0,0.0,0.56,CLOVER C BL HWY 20 A UPPER LAKE CA,39.162,-122.9106778,Compliant
USGS-391057122544301,Mercury,43,17,0.177,0.002,39.53,88.5,MIDDLE C A RANCHERIA RD BR NR UPPER LAKE CA,39.18255278,-122.9118417,Critical
USGS-391057122544301,Turbidity,7,5,200.0,5.0,71.43,40.0,MIDDLE C A RANCHERIA RD BR NR UPPER LAKE CA,39.18255278,-122.9118417,Critical
USGS-391227122553101,Turbidity,5,4,540.0,5.0,80.0,108.0,MIDDLE C BL ELK MOUNTAIN RD BR NR UPPER LAKE CA,39.2075583,-122.9252444,Critical
USGS-391448122565601,Turbidity,7,6,520.0,5.0,85.71,104.0,MIDDLE C NR VANN CA,39.24679167,-122.9488889,Critical
YUROKTEP_WQX-TC,Turbidity,16,8,27.56,5.0,50.0,5.51,Klamath River above Tully Creek,41.2266,-123.7719,Critical
YUROKTEP_WQX-TG,Turbidity,19,8,36.0,5.0,42.11,7.2,Klamath River at Turwar Gage,41.5161,-123.9992,Critical
YUROKTEP_WQX-TR,Turbidity,24,6,43.1,5.0,25.0,8.62,Trinity River above Klamath River,41.1844,-123.7053,Critical
YUROKTEP_WQX-WE,Turbidity,16,9,1930.0,5.0,56.25,386.0,Klamath River above Trinity River,41.1883,-123.7055,Critical
